ID,DIA,ID_CAJA,ACUMULADO_VENTAS,ACUMULADO_ENTRADAS,ACUMULADO_SALIDAS,ACUMULADO_GANANCIA,VENTAS_EFECTIVO,VENTAS_TARJETA,VENTAS_VALES,VENTAS_CREDITO,ABONOS_EFECTIVO,DEVOLUCIONES_VENTAS_EFECTIVO,DEVOLUCIONES_VENTAS_CREDITO,DEVOLUCIONES_ABONOS_EFECTIVO,NUMERO_VENTAS,DEVOLUCIONES_VENTAS_VALES,ABONOS_TARJETA,ABONOS_VALES,COMISIONES_TARJETA,DEVOLUCIONES_VENTAS_TARJETA
9,2024-09-14,1,1564.0,0.0,0.0,244.44,1564.0,0.0,0.0,0.0,0.0,0.0,0.0,0.0,12,0.0,0.0,0.0,0.0,0.0
22,2024-09-27,1,2089.0,0.0,0.0,475.25,2089.0,0.0,0.0,0.0,0.0,0.0,0.0,0.0,32,0.0,0.0,0.0,0.0,0.0
24,2024-09-29,1,1582.0,0.0,0.0,368.9,1582.0,0.0,0.0,0.0,0.0,0.0,0.0,0.0,25,0.0,0.0,0.0,0.0,0.0
26,2024-10-01,1,3283.0,0.0,640.0,734.76,3283.0,0.0,0.0,0.0,0.0,0.0,0.0,0.0,60,0.0,0.0,0.0,0.0,0.0
10,2024-09-15,1,2428.0,0.0,18.0,442.73,2428.0,0.0,0.0,0.0,0.0,0.0,0.0,0.0,23,0.0,0.0,0.0,0.0,0.0
23,2024-09-28,1,1711.0,0.0,0.0,347.998,1711.0,0.0,0.0,0.0,0.0,0.0,0.0,0.0,24,0.0,0.0,0.0,0.0,0.0
27,2024-10-02,1,1505.0,0.0,0.0,391.346,1505.0,0.0,0.0,0.0,0.0,0.0,0.0,0.0,38,0.0,0.0,0.0,0.0,0.0
63,2024-11-07,1,1682.0,0.0,0.0,372.76,1682.0,0.0,0.0,0.0,0.0,0.0,0.0,0.0,29,0.0,0.0,0.0,0.0,0.0
74,2024-11-18,1,1355.0,0.0,0.0,344.4712,1355.0,0.0,0.0,0.0,0.0,0.0,0.0,0.0,28,0.0,0.0,0.0,0.0,0.0
99,2024-12-13,1,3757.0,0.0,0.0,633.3481,3776.0,0.0,0.0,0.0,0.0,19.0,0.0,0.0,39,0.0,0.0,0.0,0.0,0.0
100,2024-12-14,1,6067.0,0.0,0.0,1000.8103,6067.0,0.0,0.0,0.0,0.0,0.0,0.0,0.0,46,0.0,0.0,0.0,0.0,0.0
101,2024-12-15,1,3060.0,0.0,0.0,658.4568,3060.0,0.0,0.0,0.0,0.0,0.0,0.0,0.0,42,0.0,0.0,0.0,0.0,0.0
102,2024-12-16,1,1470.0,0.0,0.0,383.23,1470.0,0.0,0.0,0.0,0.0,0.0,0.0,0.0,30,0.0,0.0,0.0,0.0,0.0
106,2024-12-20,1,1537.0,0.0,0.0,341.4675,1597.0,0.0,0.0,0.0,0.0,60.0,0.0,0.0,25,0.0,0.0,0.0,0.0,0.0
87,2024-12-01,1,4351.0,0.0,0.0,867.7112,4351.0,0.0,0.0,0.0,0.0,0.0,0.0,0.0,53,0.0,0.0,0.0,0.0,0.0
19,2024-09-24,1,916.0,0.0,0.0,212.57,916.0,0.0,0.0,0.0,0.0,0.0,0.0,0.0,18,0.0,0.0,0.0,0.0,0.0
107,2024-12-21,1,3280.0,0.0,0.0,586.1672,3390.0,0.0,0.0,0.0,0.0,110.0,0.0,0.0,35,0.0,0.0,0.0,0.0,0.0
108,2024-12-22,1,2782.0,0.0,0.0,540.1811,2782.0,0.0,0.0,0.0,0.0,0.0,0.0,0.0,36,0.0,0.0,0.0,0.0,0.0
13,2024-09-18,1,1679.0,0.0,0.0,275.59,1679.0,0.0,0.0,0.0,0.0,0.0,0.0,0.0,14,0.0,0.0,0.0,0.0,0.0
109,2024-12-23,1,1551.0,0.0,0.0,369.4736,1551.0,0.0,0.0,0.0,0.0,0.0,0.0,0.0,24,0.0,0.0,0.0,0.0,0.0
110,2024-12-24,1,5676.0,0.0,0.0,939.407,5676.0,0.0,0.0,0.0,0.0,0.0,0.0,0.0,52,0.0,0.0,0.0,0.0,0.0
115,2024-12-29,1,2184.0,0.0,0.0,433.4788,2184.0,0.0,0.0,0.0,0.0,0.0,0.0,0.0,27,0.0,0.0,0.0,0.0,0.0
112,2024-12-26,1,1085.0,0.0,0.0,229.0223,1085.0,0.0,0.0,0.0,0.0,0.0,0.0,0.0,17,0.0,0.0,0.0,0.0,0.0
125,2025-01-08,1,1681.0,0.0,0.0,389.1826,1681.0,0.0,0.0,0.0,0.0,0.0,0.0,0.0,32,0.0,0.0,0.0,0.0,0.0
111,2024-12-25,1,1179.0,0.0,0.0,181.35,1179.0,0.0,0.0,0.0,0.0,0.0,0.0,0.0,11,0.0,0.0,0.0,0.0,0.0
113,2024-12-27,1,1445.0,0.0,0.0,268.5701,1759.0,0.0,0.0,0.0,0.0,314.0,0.0,0.0,18,0.0,0.0,0.0,0.0,0.0
127,2025-01-10,1,1245.0,0.0,0.0,363.4865,1245.0,0.0,0.0,0.0,0.0,0.0,0.0,0.0,24,0.0,0.0,0.0,0.0,0.0
114,2024-12-28,1,2905.0,0.0,0.0,558.2312,2905.0,0.0,0.0,0.0,0.0,0.0,0.0,0.0,35,0.0,0.0,0.0,0.0,0.0
116,2024-12-30,1,806.0,0.0,0.0,150.1383,806.0,0.0,0.0,0.0,0.0,0.0,0.0,0.0,10,0.0,0.0,0.0,0.0,0.0
11,2024-09-16,1,1494.0,0.0,818.0,209.89,1494.0,0.0,0.0,0.0,0.0,0.0,0.0,0.0,13,0.0,0.0,0.0,0.0,0.0
128,2025-01-11,1,5390.0,0.0,0.0,925.7818,5390.0,0.0,0.0,0.0,0.0,0.0,0.0,0.0,52,0.0,0.0,0.0,0.0,0.0
129,2025-01-12,1,3714.0,0.0,0.0,720.1316,3714.0,0.0,0.0,0.0,0.0,0.0,0.0,0.0,35,0.0,0.0,0.0,0.0,0.0
126,2025-01-09,1,1982.0,0.0,0.0,380.3155,1982.0,0.0,0.0,0.0,0.0,0.0,0.0,0.0,26,0.0,0.0,0.0,0.0,0.0
25,2024-09-30,1,1509.0,0.0,0.0,355.796,1509.0,0.0,0.0,0.0,0.0,0.0,0.0,0.0,37,0.0,0.0,0.0,0.0,0.0
14,2024-09-19,1,1424.0,0.0,0.0,369.86,1424.0,0.0,0.0,0.0,0.0,0.0,0.0,0.0,28,0.0,0.0,0.0,0.0,0.0
28,2024-10-03,1,1457.0,0.0,0.0,374.5,1457.0,0.0,0.0,0.0,0.0,0.0,0.0,0.0,36,0.0,0.0,0.0,0.0,0.0
124,2025-01-07,1,3372.0,0.0,0.0,776.2565,3372.0,0.0,0.0,0.0,0.0,0.0,0.0,0.0,25,0.0,0.0,0.0,0.0,0.0
20,2024-09-25,1,1765.0,0.0,0.0,440.848,1765.0,0.0,0.0,0.0,0.0,0.0,0.0,0.0,28,0.0,0.0,0.0,0.0,0.0
131,2025-01-14,1,2187.0,0.0,0.0,432.7257,2187.0,0.0,0.0,0.0,0.0,0.0,0.0,0.0,29,0.0,0.0,0.0,0.0,0.0
130,2025-01-13,1,2267.0,0.0,0.0,459.3958,2267.0,0.0,0.0,0.0,0.0,0.0,0.0,0.0,21,0.0,0.0,0.0,0.0,0.0
132,2025-01-15,1,1468.0,0.0,0.0,257.5187,1468.0,0.0,0.0,0.0,0.0,0.0,0.0,0.0,24,0.0,0.0,0.0,0.0,0.0
133,2025-01-16,1,1984.0,0.0,0.0,397.2198,1984.0,0.0,0.0,0.0,0.0,0.0,0.0,0.0,32,0.0,0.0,0.0,0.0,0.0
83,2024-11-27,1,999.0,0.0,0.0,199.42,999.0,0.0,0.0,0.0,0.0,0.0,0.0,0.0,21,0.0,0.0,0.0,0.0,0.0
134,2025-01-17,1,1381.0,0.0,0.0,320.1335,1381.0,0.0,0.0,0.0,0.0,0.0,0.0,0.0,27,0.0,0.0,0.0,0.0,0.0
64,2024-11-08,1,2107.0,0.0,0.0,485.628,2107.0,0.0,0.0,0.0,0.0,0.0,0.0,0.0,36,0.0,0.0,0.0,0.0,0.0
12,2024-09-17,1,1301.0,0.0,0.0,317.77,1301.0,0.0,0.0,0.0,0.0,0.0,0.0,0.0,28,0.0,0.0,0.0,0.0,0.0
75,2024-11-19,1,1919.0,0.0,0.0,470.5466,1919.0,0.0,0.0,0.0,0.0,0.0,0.0,0.0,32,0.0,0.0,0.0,0.0,0.0
103,2024-12-17,1,1227.0,0.0,0.0,267.15,1227.0,0.0,0.0,0.0,0.0,0.0,0.0,0.0,26,0.0,0.0,0.0,0.0,0.0
135,2025-01-18,1,4314.0,0.0,0.0,823.405,4314.0,0.0,0.0,0.0,0.0,0.0,0.0,0.0,46,0.0,0.0,0.0,0.0,0.0
117,2024-12-31,1,11377.0,0.0,0.0,1760.7804,11377.0,0.0,0.0,0.0,0.0,0.0,0.0,0.0,63,0.0,0.0,0.0,0.0,0.0
136,2025-01-19,1,3761.0,0.0,0.0,711.8554,3801.0,0.0,0.0,0.0,0.0,40.0,0.0,0.0,36,0.0,0.0,0.0,0.0,0.0
138,2025-01-21,1,1729.0,0.0,0.0,347.6189,1729.0,0.0,0.0,0.0,0.0,0.0,0.0,0.0,23,0.0,0.0,0.0,0.0,0.0
139,2025-01-22,1,1181.0,0.0,0.0,262.9774,1181.0,0.0,0.0,0.0,0.0,0.0,0.0,0.0,24,0.0,0.0,0.0,0.0,0.0
137,2025-01-20,1,1199.0,0.0,0.0,312.3541,1199.0,0.0,0.0,0.0,0.0,0.0,0.0,0.0,22,0.0,0.0,0.0,0.0,0.0
15,2024-09-20,1,2058.0,0.0,0.0,469.61,2058.0,0.0,0.0,0.0,0.0,0.0,0.0,0.0,32,0.0,0.0,0.0,0.0,0.0
36,2024-10-11,1,1868.0,0.0,0.0,475.806,1868.0,0.0,0.0,0.0,0.0,0.0,0.0,0.0,32,0.0,0.0,0.0,0.0,0.0
140,2025-01-23,1,1321.0,0.0,0.0,309.4059,1321.0,0.0,0.0,0.0,0.0,0.0,0.0,0.0,23,0.0,0.0,0.0,0.0,0.0
16,2024-09-21,1,2237.0,0.0,0.0,543.86,2237.0,0.0,0.0,0.0,0.0,0.0,0.0,0.0,29,0.0,0.0,0.0,0.0,0.0
144,2025-01-27,1,1584.0,0.0,0.0,303.7457,1584.0,0.0,0.0,0.0,0.0,0.0,0.0,0.0,20,0.0,0.0,0.0,0.0,0.0
145,2025-01-28,1,1553.0,0.0,0.0,372.4285,1553.0,0.0,0.0,0.0,0.0,0.0,0.0,0.0,26,0.0,0.0,0.0,0.0,0.0
147,2025-01-30,1,2123.0,0.0,0.0,390.7023,2123.0,0.0,0.0,0.0,0.0,0.0,0.0,0.0,35,0.0,0.0,0.0,0.0,0.0
148,2025-01-31,1,2774.0,0.0,0.0,584.7308,2774.0,0.0,0.0,0.0,0.0,0.0,0.0,0.0,35,0.0,0.0,0.0,0.0,0.0
149,2025-02-01,1,4852.0,0.0,0.0,827.2632,4852.0,0.0,0.0,0.0,0.0,0.0,0.0,0.0,43,0.0,0.0,0.0,0.0,0.0
146,2025-01-29,1,1777.0,0.0,0.0,386.7875,1777.0,0.0,0.0,0.0,0.0,0.0,0.0,0.0,30,0.0,0.0,0.0,0.0,0.0
150,2025-02-02,1,6004.0,0.0,0.0,1120.2344,6004.0,0.0,0.0,0.0,0.0,0.0,0.0,0.0,60,0.0,0.0,0.0,0.0,0.0
151,2025-02-03,1,2302.0,0.0,0.0,489.32,2302.0,0.0,0.0,0.0,0.0,0.0,0.0,0.0,28,0.0,0.0,0.0,0.0,0.0
152,2025-02-04,1,1014.0,0.0,0.0,202.7403,1014.0,0.0,0.0,0.0,0.0,0.0,0.0,0.0,17,0.0,0.0,0.0,0.0,0.0
153,2025-02-05,1,1625.0,0.0,0.0,385.5752,1625.0,0.0,0.0,0.0,0.0,0.0,0.0,0.0,34,0.0,0.0,0.0,0.0,0.0
154,2025-02-06,1,2138.0,0.0,0.0,514.5436,2138.0,0.0,0.0,0.0,0.0,0.0,0.0,0.0,33,0.0,0.0,0.0,0.0,0.0
21,2024-09-26,1,1105.0,0.0,0.0,201.418,1105.0,0.0,0.0,0.0,0.0,0.0,0.0,0.0,22,0.0,0.0,0.0,0.0,0.0
155,2025-02-07,1,2269.0,0.0,0.0,414.7776,2269.0,0.0,0.0,0.0,0.0,0.0,0.0,0.0,32,0.0,0.0,0.0,0.0,0.0
84,2024-11-28,1,3082.0,0.0,0.0,656.2925,3082.0,0.0,0.0,0.0,0.0,0.0,0.0,0.0,44,0.0,0.0,0.0,0.0,0.0
156,2025-02-08,1,11238.0002,0.0,0.0,2023.3842,11348.0002,0.0,0.0,0.0,0.0,110.0,0.0,0.0,89,0.0,0.0,0.0,0.0,0.0
157,2025-02-09,1,7111.0,0.0,0.0,1396.7603,7111.0,0.0,0.0,0.0,0.0,0.0,0.0,0.0,60,0.0,0.0,0.0,0.0,0.0
158,2025-02-10,1,2042.0,0.0,0.0,458.3187,2042.0,0.0,0.0,0.0,0.0,0.0,0.0,0.0,30,0.0,0.0,0.0,0.0,0.0
159,2025-02-11,1,2479.0,0.0,0.0,542.4292,2479.0,0.0,0.0,0.0,0.0,0.0,0.0,0.0,40,0.0,0.0,0.0,0.0,0.0
160,2025-02-12,1,3728.0,0.0,0.0,769.4504,3728.0,0.0,0.0,0.0,0.0,0.0,0.0,0.0,48,0.0,0.0,0.0,0.0,0.0
29,2024-10-04,1,1918.0,0.0,0.0,470.138,1953.0,0.0,0.0,0.0,0.0,35.0,0.0,0.0,46,0.0,0.0,0.0,0.0,0.0
161,2025-02-13,1,1618.0,0.0,0.0,351.1555,1618.0,0.0,0.0,0.0,0.0,0.0,0.0,0.0,31,0.0,0.0,0.0,0.0,0.0
141,2025-01-24,1,2431.0,0.0,0.0,528.2131,2431.0,0.0,0.0,0.0,0.0,0.0,0.0,0.0,39,0.0,0.0,0.0,0.0,0.0
104,2024-12-18,1,649.0,0.0,0.0,188.8236,649.0,0.0,0.0,0.0,0.0,0.0,0.0,0.0,18,0.0,0.0,0.0,0.0,0.0
176,2025-02-28,1,4169.0,0.0,0.0,680.985,4169.0,0.0,0.0,0.0,0.0,0.0,0.0,0.0,44,0.0,0.0,0.0,0.0,0.0
122,2025-01-05,1,3351.0,0.0,0.0,618.101,3351.0,0.0,0.0,0.0,0.0,0.0,0.0,0.0,38,0.0,0.0,0.0,0.0,0.0
177,2025-03-01,1,7250.0,0.0,0.0,1563.1502,7250.0,0.0,0.0,0.0,0.0,0.0,0.0,0.0,64,0.0,0.0,0.0,0.0,0.0
76,2024-11-20,1,1282.0,0.0,0.0,297.428,1282.0,0.0,0.0,0.0,0.0,0.0,0.0,0.0,20,0.0,0.0,0.0,0.0,0.0
178,2025-03-02,1,5885.0,0.0,0.0,1362.2211,5885.0,0.0,0.0,0.0,0.0,0.0,0.0,0.0,65,0.0,0.0,0.0,0.0,0.0
88,2024-12-02,1,1931.0,0.0,0.0,482.5281,1931.0,0.0,0.0,0.0,0.0,0.0,0.0,0.0,38,0.0,0.0,0.0,0.0,0.0
17,2024-09-22,1,4719.0,0.0,0.0,864.44,4719.0,0.0,0.0,0.0,0.0,0.0,0.0,0.0,45,0.0,0.0,0.0,0.0,0.0
65,2024-11-09,1,5345.0,0.0,0.0,970.096,5345.0,0.0,0.0,0.0,0.0,0.0,0.0,0.0,63,0.0,0.0,0.0,0.0,0.0
179,2025-03-03,1,2367.0,0.0,0.0,476.6351,2397.0,0.0,0.0,0.0,0.0,30.0,0.0,0.0,28,0.0,0.0,0.0,0.0,0.0
180,2025-03-04,1,4832.0,0.0,0.0,1107.7025,4832.0,0.0,0.0,0.0,0.0,0.0,0.0,0.0,60,0.0,0.0,0.0,0.0,0.0
182,2025-03-06,1,3616.0,0.0,0.0,668.7504,3816.0,0.0,0.0,0.0,0.0,200.0,0.0,0.0,42,0.0,0.0,0.0,0.0,0.0
37,2024-10-12,1,3549.0,0.0,0.0,794.438,3549.0,0.0,0.0,0.0,0.0,0.0,0.0,0.0,56,0.0,0.0,0.0,0.0,0.0
183,2025-03-07,1,4001.0,0.0,0.0,859.5051,4001.0,0.0,0.0,0.0,0.0,0.0,0.0,0.0,56,0.0,0.0,0.0,0.0,0.0
184,2025-03-08,1,13003.0,0.0,0.0,2491.5648,13108.0,0.0,0.0,0.0,0.0,105.0,0.0,0.0,80,0.0,0.0,0.0,0.0,0.0
185,2025-03-09,1,5266.0,0.0,0.0,1081.0469,5266.0,0.0,0.0,0.0,0.0,0.0,0.0,0.0,56,0.0,0.0,0.0,0.0,0.0
186,2025-03-10,1,1816.0,0.0,0.0,466.9905,1816.0,0.0,0.0,0.0,0.0,0.0,0.0,0.0,36,0.0,0.0,0.0,0.0,0.0
181,2025-03-05,1,1378.0,0.0,0.0,345.9179,1378.0,0.0,0.0,0.0,0.0,0.0,0.0,0.0,29,0.0,0.0,0.0,0.0,0.0
187,2025-03-11,1,2086.0,0.0,0.0,477.1813,2086.0,0.0,0.0,0.0,0.0,0.0,0.0,0.0,40,0.0,0.0,0.0,0.0,0.0
189,2025-03-13,1,2077.0,0.0,0.0,549.3634,2077.0,0.0,0.0,0.0,0.0,0.0,0.0,0.0,39,0.0,0.0,0.0,0.0,0.0
188,2025-03-12,1,2844.0,0.0,0.0,616.2198,2844.0,0.0,0.0,0.0,0.0,0.0,0.0,0.0,45,0.0,0.0,0.0,0.0,0.0
191,2025-03-15,1,5001.0,0.0,0.0,1167.2559,5001.0,0.0,0.0,0.0,0.0,0.0,0.0,0.0,58,0.0,0.0,0.0,0.0,0.0
192,2025-03-16,1,5638.0,0.0,0.0,1311.5853,5638.0,0.0,0.0,0.0,0.0,0.0,0.0,0.0,67,0.0,0.0,0.0,0.0,0.0
193,2025-03-17,1,1104.0,0.0,0.0,303.9913,1104.0,0.0,0.0,0.0,0.0,0.0,0.0,0.0,22,0.0,0.0,0.0,0.0,0.0
105,2024-12-19,1,2059.0,0.0,0.0,482.1267,2059.0,0.0,0.0,0.0,0.0,0.0,0.0,0.0,28,0.0,0.0,0.0,0.0,0.0
194,2025-03-18,1,2775.0,0.0,0.0,651.6464,2775.0,0.0,0.0,0.0,0.0,0.0,0.0,0.0,49,0.0,0.0,0.0,0.0,0.0
190,2025-03-14,1,3141.0,0.0,0.0,741.0041,3141.0,0.0,0.0,0.0,0.0,0.0,0.0,0.0,41,0.0,0.0,0.0,0.0,0.0
195,2025-03-19,1,1975.0,0.0,0.0,517.6123,1975.0,0.0,0.0,0.0,0.0,0.0,0.0,0.0,45,0.0,0.0,0.0,0.0,0.0
77,2024-11-21,1,1710.0,0.0,0.0,372.1166,1710.0,0.0,0.0,0.0,0.0,0.0,0.0,0.0,29,0.0,0.0,0.0,0.0,0.0
196,2025-03-20,1,2566.0,0.0,0.0,617.2664,2566.0,0.0,0.0,0.0,0.0,0.0,0.0,0.0,44,0.0,0.0,0.0,0.0,0.0
162,2025-02-14,1,3133.0,0.0,0.0,571.8537,3133.0,0.0,0.0,0.0,0.0,0.0,0.0,0.0,41,0.0,0.0,0.0,0.0,0.0
163,2025-02-15,1,7004.0,0.0,0.0,1257.3103,7004.0,0.0,0.0,0.0,0.0,0.0,0.0,0.0,73,0.0,0.0,0.0,0.0,0.0
197,2025-03-21,1,3011.0,0.0,0.0,723.5545,3011.0,0.0,0.0,0.0,0.0,0.0,0.0,0.0,41,0.0,0.0,0.0,0.0,0.0
200,2025-03-24,1,2755.0,0.0,0.0,653.7226,2755.0,0.0,0.0,0.0,0.0,0.0,0.0,0.0,35,0.0,0.0,0.0,0.0,0.0
198,2025-03-22,1,6167.0,0.0,0.0,1386.7334,6167.0,0.0,0.0,0.0,0.0,0.0,0.0,0.0,69,0.0,0.0,0.0,0.0,0.0
201,2025-03-25,1,2256.0,0.0,0.0,645.7316,2256.0,0.0,0.0,0.0,0.0,0.0,0.0,0.0,49,0.0,0.0,0.0,0.0,0.0
205,2025-03-29,1,7662.0,0.0,0.0,1623.5184,7662.0,0.0,0.0,0.0,0.0,0.0,0.0,0.0,70,0.0,0.0,0.0,0.0,0.0
206,2025-03-30,1,2789.0,0.0,0.0,560.6747,2789.0,0.0,0.0,0.0,0.0,0.0,0.0,0.0,32,0.0,0.0,0.0,0.0,0.0
207,2025-03-31,1,0.0,0.0,0.0,0.0,0.0,0.0,0.0,0.0,0.0,0.0,0.0,0.0,0,0.0,0.0,0.0,0.0,0.0
208,2025-04-01,1,3327.0,0.0,0.0,832.3082,3327.0,0.0,0.0,0.0,0.0,0.0,0.0,0.0,55,0.0,0.0,0.0,0.0,0.0
202,2025-03-26,1,0.0,0.0,0.0,0.0,0.0,0.0,0.0,0.0,0.0,0.0,0.0,0.0,0,0.0,0.0,0.0,0.0,0.0
203,2025-03-27,1,7379.0,0.0,0.0,1800.7543,7379.0,0.0,0.0,0.0,0.0,0.0,0.0,0.0,23,0.0,0.0,0.0,0.0,0.0
85,2024-11-29,1,2799.0,0.0,0.0,669.7738,2799.0,0.0,0.0,0.0,0.0,0.0,0.0,0.0,46,0.0,0.0,0.0,0.0,0.0
210,2025-04-03,1,2123.0,0.0,0.0,529.5892,2123.0,0.0,0.0,0.0,0.0,0.0,0.0,0.0,37,0.0,0.0,0.0,0.0,0.0
214,2025-04-07,1,2929.0,0.0,0.0,686.0741,2929.0,0.0,0.0,0.0,0.0,0.0,0.0,0.0,51,0.0,0.0,0.0,0.0,0.0
18,2024-09-23,1,688.0,0.0,0.0,213.25,688.0,0.0,0.0,0.0,0.0,0.0,0.0,0.0,18,0.0,0.0,0.0,0.0,0.0
209,2025-04-02,1,2293.0,0.0,0.0,522.9227,2293.0,0.0,0.0,0.0,0.0,0.0,0.0,0.0,31,0.0,0.0,0.0,0.0,0.0
219,2025-04-12,1,5880.0,0.0,0.0,1356.4469,5880.0,0.0,0.0,0.0,0.0,0.0,0.0,0.0,61,0.0,0.0,0.0,0.0,0.0
220,2025-04-13,1,7382.0,0.0,0.0,1631.8145,7382.0,0.0,0.0,0.0,0.0,0.0,0.0,0.0,65,0.0,0.0,0.0,0.0,0.0
30,2024-10-05,1,4136.0,0.0,0.0,881.918,4136.0,0.0,0.0,0.0,0.0,0.0,0.0,0.0,56,0.0,0.0,0.0,0.0,0.0
118,2025-01-01,1,1084.0,0.0,0.0,217.1507,1084.0,0.0,0.0,0.0,0.0,0.0,0.0,0.0,19,0.0,0.0,0.0,0.0,0.0
199,2025-03-23,1,6230.0,0.0,0.0,1345.3633,6230.0,0.0,0.0,0.0,0.0,0.0,0.0,0.0,64,0.0,0.0,0.0,0.0,0.0
89,2024-12-03,1,1515.0,0.0,0.0,371.1612,1515.0,0.0,0.0,0.0,0.0,0.0,0.0,0.0,27,0.0,0.0,0.0,0.0,0.0
123,2025-01-06,1,1295.0,0.0,0.0,240.3368,1295.0,0.0,0.0,0.0,0.0,0.0,0.0,0.0,19,0.0,0.0,0.0,0.0,0.0
142,2025-01-25,1,8605.0,0.0,0.0,1497.5966,8705.0,0.0,0.0,0.0,0.0,100.0,0.0,0.0,55,0.0,0.0,0.0,0.0,0.0
221,2025-04-14,1,2095.0,0.0,0.0,519.756,2095.0,0.0,0.0,0.0,0.0,0.0,0.0,0.0,35,0.0,0.0,0.0,0.0,0.0
224,2025-04-17,1,4714.0,0.0,0.0,1151.3798,4714.0,0.0,0.0,0.0,0.0,0.0,0.0,0.0,41,0.0,0.0,0.0,0.0,0.0
231,2025-04-24,1,3124.0,0.0,0.0,726.8292,3124.0,0.0,0.0,0.0,0.0,0.0,0.0,0.0,36,0.0,0.0,0.0,0.0,0.0
239,2025-05-02,1,3506.0,0.0,0.0,825.6217,3506.0,0.0,0.0,0.0,0.0,0.0,0.0,0.0,41,0.0,0.0,0.0,0.0,0.0
242,2025-05-05,1,3533.0,0.0,0.0,841.697,3533.0,0.0,0.0,0.0,0.0,0.0,0.0,0.0,40,0.0,0.0,0.0,0.0,0.0
78,2024-11-22,1,8905.0,0.0,0.0,2559.6769,8905.0,0.0,0.0,0.0,0.0,0.0,0.0,0.0,37,0.0,0.0,0.0,0.0,0.0
243,2025-05-06,1,3129.0,0.0,0.0,732.66,3129.0,0.0,0.0,0.0,0.0,0.0,0.0,0.0,44,0.0,0.0,0.0,0.0,0.0
204,2025-03-28,1,4259.0,0.0,0.0,879.7974,4259.0,0.0,0.0,0.0,0.0,0.0,0.0,0.0,47,0.0,0.0,0.0,0.0,0.0
244,2025-05-07,1,2695.0,0.0,0.0,677.7402,2695.0,0.0,0.0,0.0,0.0,0.0,0.0,0.0,35,0.0,0.0,0.0,0.0,0.0
246,2025-05-09,1,3540.0,0.0,0.0,790.4272,3540.0,0.0,0.0,0.0,0.0,0.0,0.0,0.0,39,0.0,0.0,0.0,0.0,0.0
247,2025-05-10,1,8885.0,0.0,0.0,2265.5794,8885.0,0.0,0.0,0.0,0.0,0.0,0.0,0.0,78,0.0,0.0,0.0,0.0,0.0
248,2025-05-11,1,7446.0,0.0,0.0,1644.4482,7446.0,0.0,0.0,0.0,0.0,0.0,0.0,0.0,67,0.0,0.0,0.0,0.0,0.0
249,2025-05-12,1,2847.0,0.0,0.0,755.0452,2847.0,0.0,0.0,0.0,0.0,0.0,0.0,0.0,39,0.0,0.0,0.0,0.0,0.0
250,2025-05-13,1,3036.0,0.0,0.0,685.1854,3036.0,0.0,0.0,0.0,0.0,0.0,0.0,0.0,30,0.0,0.0,0.0,0.0,0.0
245,2025-05-08,1,4622.0,0.0,0.0,1050.6026,4622.0,0.0,0.0,0.0,0.0,0.0,0.0,0.0,48,0.0,0.0,0.0,0.0,0.0
251,2025-05-14,1,4676.0,0.0,0.0,890.4029,4676.0,0.0,0.0,0.0,0.0,0.0,0.0,0.0,41,0.0,0.0,0.0,0.0,0.0
38,2024-10-13,1,3171.0,0.0,0.0,574.9849,3171.0,0.0,0.0,0.0,0.0,0.0,0.0,0.0,46,0.0,0.0,0.0,0.0,0.0
253,2025-05-16,1,5161.0,0.0,0.0,1300.9272,5161.0,0.0,0.0,0.0,0.0,0.0,0.0,0.0,60,0.0,0.0,0.0,0.0,0.0
119,2025-01-02,1,1343.0,0.0,0.0,358.6902,1343.0,0.0,0.0,0.0,0.0,0.0,0.0,0.0,21,0.0,0.0,0.0,0.0,0.0
222,2025-04-15,1,3683.0,0.0,0.0,874.9706,3683.0,0.0,0.0,0.0,0.0,0.0,0.0,0.0,42,0.0,0.0,0.0,0.0,0.0
254,2025-05-17,1,9130.0,0.0,0.0,2243.2675,9130.0,0.0,0.0,0.0,0.0,0.0,0.0,0.0,61,0.0,0.0,0.0,0.0,0.0
66,2024-11-10,1,3441.0,0.0,0.0,633.47,3441.0,0.0,0.0,0.0,0.0,0.0,0.0,0.0,40,0.0,0.0,0.0,0.0,0.0
90,2024-12-04,1,1316.0,0.0,0.0,353.5467,1316.0,0.0,0.0,0.0,0.0,0.0,0.0,0.0,27,0.0,0.0,0.0,0.0,0.0
164,2025-02-16,1,5836.0,0.0,0.0,1111.4166,6216.0,0.0,0.0,0.0,0.0,380.0,0.0,0.0,70,0.0,0.0,0.0,0.0,0.0
86,2024-11-30,1,5333.0,0.0,0.0,1023.94,5333.0,0.0,0.0,0.0,0.0,0.0,0.0,0.0,49,0.0,0.0,0.0,0.0,0.0
120,2025-01-03,1,1969.0,0.0,0.0,601.256,1969.0,0.0,0.0,0.0,0.0,0.0,0.0,0.0,26,0.0,0.0,0.0,0.0,0.0
211,2025-04-04,1,3986.0,0.0,0.0,870.557,3986.0,0.0,0.0,0.0,0.0,0.0,0.0,0.0,55,0.0,0.0,0.0,0.0,0.0
79,2024-11-23,1,3737.0,0.0,0.0,724.488,3737.0,0.0,0.0,0.0,0.0,0.0,0.0,0.0,48,0.0,0.0,0.0,0.0,0.0
31,2024-10-06,1,3704.0,0.0,0.0,606.09,3704.0,0.0,0.0,0.0,0.0,0.0,0.0,0.0,53,0.0,0.0,0.0,0.0,0.0
91,2024-12-05,1,1144.0,0.0,0.0,230.54,1144.0,0.0,0.0,0.0,0.0,0.0,0.0,0.0,22,0.0,0.0,0.0,0.0,0.0
67,2024-11-11,1,2171.0,0.0,0.0,431.1229,2171.0,0.0,0.0,0.0,0.0,0.0,0.0,0.0,33,0.0,0.0,0.0,0.0,0.0
39,2024-10-14,1,1497.0,0.0,0.0,311.87,1497.0,0.0,0.0,0.0,0.0,0.0,0.0,0.0,30,0.0,0.0,0.0,0.0,0.0
143,2025-01-26,1,5344.0,0.0,0.0,931.3078,5344.0,0.0,0.0,0.0,0.0,0.0,0.0,0.0,52,0.0,0.0,0.0,0.0,0.0
121,2025-01-04,1,4238.0,0.0,0.0,825.132,4238.0,0.0,0.0,0.0,0.0,0.0,0.0,0.0,42,0.0,0.0,0.0,0.0,0.0
92,2024-12-06,1,2252.0,0.0,0.0,422.72,2252.0,0.0,0.0,0.0,0.0,0.0,0.0,0.0,29,0.0,0.0,0.0,0.0,0.0
40,2024-10-15,1,2048.0,0.0,0.0,450.398,2048.0,0.0,0.0,0.0,0.0,0.0,0.0,0.0,48,0.0,0.0,0.0,0.0,0.0
80,2024-11-24,1,4830.0,0.0,0.0,1034.3312,4830.0,0.0,0.0,0.0,0.0,0.0,0.0,0.0,60,0.0,0.0,0.0,0.0,0.0
68,2024-11-12,1,1853.0,0.0,0.0,453.54,1853.0,0.0,0.0,0.0,0.0,0.0,0.0,0.0,34,0.0,0.0,0.0,0.0,0.0
165,2025-02-17,1,5042.0,0.0,0.0,1120.5267,5042.0,0.0,0.0,0.0,0.0,0.0,0.0,0.0,45,0.0,0.0,0.0,0.0,0.0
32,2024-10-07,1,1292.0,0.0,0.0,352.708,1292.0,0.0,0.0,0.0,0.0,0.0,0.0,0.0,36,0.0,0.0,0.0,0.0,0.0
93,2024-12-07,1,4004.0,0.0,0.0,645.6824,4004.0,0.0,0.0,0.0,0.0,0.0,0.0,0.0,37,0.0,0.0,0.0,0.0,0.0
69,2024-11-13,1,978.0,0.0,0.0,224.95,978.0,0.0,0.0,0.0,0.0,0.0,0.0,0.0,20,0.0,0.0,0.0,0.0,0.0
33,2024-10-08,1,1228.0,0.0,0.0,342.83,1228.0,0.0,0.0,0.0,0.0,0.0,0.0,0.0,43,0.0,0.0,0.0,0.0,0.0
41,2024-10-16,1,1005.0,0.0,0.0,287.91,1005.0,0.0,0.0,0.0,0.0,0.0,0.0,0.0,29,0.0,0.0,0.0,0.0,0.0
70,2024-11-14,1,913.0,0.0,0.0,259.29,913.0,0.0,0.0,0.0,0.0,0.0,0.0,0.0,25,0.0,0.0,0.0,0.0,0.0
94,2024-12-08,1,3594.0,0.0,0.0,711.0791,3714.0,0.0,0.0,0.0,0.0,120.0,0.0,0.0,39,0.0,0.0,0.0,0.0,0.0
81,2024-11-25,1,2256.0,0.0,0.0,687.7667,2256.0,0.0,0.0,0.0,0.0,0.0,0.0,0.0,42,0.0,0.0,0.0,0.0,0.0
42,2024-10-17,1,2635.0,0.0,0.0,495.19,2635.0,0.0,0.0,0.0,0.0,0.0,0.0,0.0,37,0.0,0.0,0.0,0.0,0.0
71,2024-11-15,1,2515.0,0.0,0.0,543.3204,2515.0,0.0,0.0,0.0,0.0,0.0,0.0,0.0,38,0.0,0.0,0.0,0.0,0.0
34,2024-10-09,1,2031.0,0.0,0.0,398.068,2031.0,0.0,0.0,0.0,0.0,0.0,0.0,0.0,33,0.0,0.0,0.0,0.0,0.0
95,2024-12-09,1,669.0,0.0,0.0,207.06,669.0,0.0,0.0,0.0,0.0,0.0,0.0,0.0,19,0.0,0.0,0.0,0.0,0.0
82,2024-11-26,1,1919.0,0.0,0.0,459.2736,1919.0,0.0,0.0,0.0,0.0,0.0,0.0,0.0,34,0.0,0.0,0.0,0.0,0.0
43,2024-10-18,1,1858.0,0.0,0.0,369.36,1858.0,0.0,0.0,0.0,0.0,0.0,0.0,0.0,34,0.0,0.0,0.0,0.0,0.0
35,2024-10-10,1,2066.0,0.0,0.0,452.08,2066.0,0.0,0.0,0.0,0.0,0.0,0.0,0.0,39,0.0,0.0,0.0,0.0,0.0
72,2024-11-16,1,4092.0,0.0,0.0,1070.02,4092.0,0.0,0.0,0.0,0.0,0.0,0.0,0.0,63,0.0,0.0,0.0,0.0,0.0
44,2024-10-19,1,4352.0,0.0,0.0,797.8569,4352.0,0.0,0.0,0.0,0.0,0.0,0.0,0.0,51,0.0,0.0,0.0,0.0,0.0
96,2024-12-10,1,772.0,0.0,0.0,166.2,772.0,0.0,0.0,0.0,0.0,0.0,0.0,0.0,14,0.0,0.0,0.0,0.0,0.0
166,2025-02-18,1,1679.9998,0.0,0.0,189.2942,1679.9998,0.0,0.0,0.0,0.0,0.0,0.0,0.0,26,0.0,0.0,0.0,0.0,0.0
212,2025-04-05,1,3623.0,0.0,0.0,739.5871,3623.0,0.0,0.0,0.0,0.0,0.0,0.0,0.0,45,0.0,0.0,0.0,0.0,0.0
223,2025-04-16,1,5257.0,0.0,0.0,1151.8391,5375.0,0.0,0.0,0.0,0.0,118.0,0.0,0.0,46,0.0,0.0,0.0,0.0,0.0
252,2025-05-15,1,4317.0,0.0,0.0,1132.308,4317.0,0.0,0.0,0.0,0.0,0.0,0.0,0.0,41,0.0,0.0,0.0,0.0,0.0
255,2025-05-18,1,10014.0,0.0,15.0,2369.7679,10014.0,0.0,0.0,0.0,0.0,0.0,0.0,0.0,62,0.0,0.0,0.0,0.0,0.0
256,2025-05-19,1,2315.0,0.0,0.0,604.5552,2315.0,0.0,0.0,0.0,0.0,0.0,0.0,0.0,41,0.0,0.0,0.0,0.0,0.0
257,2025-05-20,1,3333.0,0.0,0.0,802.3074,3333.0,0.0,0.0,0.0,0.0,0.0,0.0,0.0,43,0.0,0.0,0.0,0.0,0.0
258,2025-05-21,1,4175.0,0.0,0.0,1076.1155,4175.0,0.0,0.0,0.0,0.0,0.0,0.0,0.0,39,0.0,0.0,0.0,0.0,0.0
259,2025-05-22,1,3495.0,0.0,0.0,932.6912,3495.0,0.0,0.0,0.0,0.0,0.0,0.0,0.0,44,0.0,0.0,0.0,0.0,0.0
262,2025-05-25,1,5214.0,0.0,0.0,1251.4868,5214.0,0.0,0.0,0.0,0.0,0.0,0.0,0.0,51,0.0,0.0,0.0,0.0,0.0
263,2025-05-26,1,2733.0,0.0,0.0,645.2016,2733.0,0.0,0.0,0.0,0.0,0.0,0.0,0.0,34,0.0,0.0,0.0,0.0,0.0
260,2025-05-23,1,5425.0,0.0,0.0,1297.1603,5425.0,0.0,0.0,0.0,0.0,0.0,0.0,0.0,61,0.0,0.0,0.0,0.0,0.0
261,2025-05-24,1,9811.0,0.0,0.0,2340.125,9811.0,0.0,0.0,0.0,0.0,0.0,0.0,0.0,77,0.0,0.0,0.0,0.0,0.0
265,2025-05-28,1,7826.0,0.0,0.0,1478.2324,7826.0,0.0,0.0,0.0,0.0,0.0,0.0,0.0,62,0.0,0.0,0.0,0.0,0.0
97,2024-12-11,1,1258.0,0.0,0.0,230.7303,1258.0,0.0,0.0,0.0,0.0,0.0,0.0,0.0,22,0.0,0.0,0.0,0.0,0.0
264,2025-05-27,1,5178.0,0.0,0.0,1251.1737,5178.0,0.0,0.0,0.0,0.0,0.0,0.0,0.0,56,0.0,0.0,0.0,0.0,0.0
266,2025-05-29,1,4626.0,0.0,0.0,1120.79,4691.0,0.0,0.0,0.0,0.0,65.0,0.0,0.0,52,0.0,0.0,0.0,0.0,0.0
267,2025-05-30,1,5490.0,0.0,0.0,1120.7141,5490.0,0.0,0.0,0.0,0.0,0.0,0.0,0.0,53,0.0,0.0,0.0,0.0,0.0
268,2025-05-31,1,21503.0,0.0,0.0,4515.612,21503.0,0.0,0.0,0.0,0.0,0.0,0.0,0.0,110,0.0,0.0,0.0,0.0,0.0
269,2025-06-01,1,0.0,0.0,0.0,0.0,0.0,0.0,0.0,0.0,0.0,0.0,0.0,0.0,0,0.0,0.0,0.0,0.0,0.0
270,2025-06-02,1,5771.0,0.0,0.0,1226.77,5771.0,0.0,0.0,0.0,0.0,0.0,0.0,0.0,44,0.0,0.0,0.0,0.0,0.0
271,2025-06-03,1,2465.0,0.0,0.0,550.185,2465.0,0.0,0.0,0.0,0.0,0.0,0.0,0.0,31,0.0,0.0,0.0,0.0,0.0
272,2025-06-04,1,2766.0,0.0,0.0,641.6082,2766.0,0.0,0.0,0.0,0.0,0.0,0.0,0.0,32,0.0,0.0,0.0,0.0,0.0
273,2025-06-05,1,3460.0,0.0,0.0,841.4341,3460.0,0.0,0.0,0.0,0.0,0.0,0.0,0.0,40,0.0,0.0,0.0,0.0,0.0
277,2025-06-09,1,2502.0,0.0,0.0,675.7604,2502.0,0.0,0.0,0.0,0.0,0.0,0.0,0.0,32,0.0,0.0,0.0,0.0,0.0
276,2025-06-08,1,8416.0,0.0,0.0,1898.8259,8416.0,0.0,0.0,0.0,0.0,0.0,0.0,0.0,55,0.0,0.0,0.0,0.0,0.0
278,2025-06-10,1,3676.0,0.0,0.0,871.28,3676.0,0.0,0.0,0.0,0.0,0.0,0.0,0.0,42,0.0,0.0,0.0,0.0,0.0
240,2025-05-03,1,5608.0,0.0,0.0,1245.4621,5608.0,0.0,0.0,0.0,0.0,0.0,0.0,0.0,49,0.0,0.0,0.0,0.0,0.0
167,2025-02-19,1,2022.0,0.0,0.0,496.7857,2052.0,0.0,0.0,0.0,0.0,30.0,0.0,0.0,43,0.0,0.0,0.0,0.0,0.0
279,2025-06-11,1,2949.0,0.0,0.0,794.1663,2949.0,0.0,0.0,0.0,0.0,0.0,0.0,0.0,49,0.0,0.0,0.0,0.0,0.0
232,2025-04-25,1,8924.0,0.0,0.0,2045.3256,8924.0,0.0,0.0,0.0,0.0,0.0,0.0,0.0,43,0.0,0.0,0.0,0.0,0.0
280,2025-06-12,1,3858.0,0.0,0.0,1010.2544,3858.0,0.0,0.0,0.0,0.0,0.0,0.0,0.0,43,0.0,0.0,0.0,0.0,0.0
281,2025-06-13,1,3767.0,0.0,0.0,935.0,3767.0,0.0,0.0,0.0,0.0,0.0,0.0,0.0,39,0.0,0.0,0.0,0.0,0.0
282,2025-06-14,1,12794.0,0.0,0.0,2849.0247,12794.0,0.0,0.0,0.0,0.0,0.0,0.0,0.0,91,0.0,0.0,0.0,0.0,0.0
283,2025-06-15,1,14780.0,0.0,0.0,3580.393,14780.0,0.0,0.0,0.0,0.0,0.0,0.0,0.0,83,0.0,0.0,0.0,0.0,0.0
73,2024-11-17,1,2994.0,0.0,0.0,620.776,2994.0,0.0,0.0,0.0,0.0,0.0,0.0,0.0,32,0.0,0.0,0.0,0.0,0.0
284,2025-06-16,1,5080.0,0.0,0.0,1281.9104,5080.0,0.0,0.0,0.0,0.0,0.0,0.0,0.0,53,0.0,0.0,0.0,0.0,0.0
286,2025-06-18,1,3922.0,0.0,0.0,927.6397,3922.0,0.0,0.0,0.0,0.0,0.0,0.0,0.0,46,0.0,0.0,0.0,0.0,0.0
98,2024-12-12,1,2701.0,0.0,0.0,496.3381,2701.0,0.0,0.0,0.0,0.0,0.0,0.0,0.0,28,0.0,0.0,0.0,0.0,0.0
287,2025-06-19,1,3161.0,0.0,0.0,797.4715,3161.0,0.0,0.0,0.0,0.0,0.0,0.0,0.0,42,0.0,0.0,0.0,0.0,0.0
215,2025-04-08,1,2255.0,0.0,0.0,561.5398,2255.0,0.0,0.0,0.0,0.0,0.0,0.0,0.0,32,0.0,0.0,0.0,0.0,0.0
288,2025-06-20,1,6292.0,0.0,0.0,1372.17,6292.0,0.0,0.0,0.0,0.0,0.0,0.0,0.0,44,0.0,0.0,0.0,0.0,0.0
289,2025-06-21,1,12083.0,0.0,0.0,2755.0363,12083.0,0.0,0.0,0.0,0.0,0.0,0.0,0.0,81,0.0,0.0,0.0,0.0,0.0
290,2025-06-22,1,8291.0,0.0,0.0,1682.05,8291.0,0.0,0.0,0.0,0.0,0.0,0.0,0.0,55,0.0,0.0,0.0,0.0,0.0
291,2025-06-23,1,2482.0,0.0,0.0,626.1387,2482.0,0.0,0.0,0.0,0.0,0.0,0.0,0.0,37,0.0,0.0,0.0,0.0,0.0
292,2025-06-24,1,3313.0,0.0,0.0,818.4863,3313.0,0.0,0.0,0.0,0.0,0.0,0.0,0.0,47,0.0,0.0,0.0,0.0,0.0
294,2025-06-26,1,2414.0,0.0,0.0,581.56,2414.0,0.0,0.0,0.0,0.0,0.0,0.0,0.0,31,0.0,0.0,0.0,0.0,0.0
293,2025-06-25,1,4773.0,0.0,0.0,1143.15,4773.0,0.0,0.0,0.0,0.0,0.0,0.0,0.0,49,0.0,0.0,0.0,0.0,0.0
295,2025-06-27,1,7017.0,0.0,0.0,1543.03,7017.0,0.0,0.0,0.0,0.0,0.0,0.0,0.0,64,0.0,0.0,0.0,0.0,0.0
296,2025-06-28,1,11170.0,0.0,0.0,2449.92,11170.0,0.0,0.0,0.0,0.0,0.0,0.0,0.0,83,0.0,0.0,0.0,0.0,0.0
45,2024-10-20,1,4644.0,0.0,0.0,849.306,4644.0,0.0,0.0,0.0,0.0,0.0,0.0,0.0,54,0.0,0.0,0.0,0.0,0.0
297,2025-06-29,1,6943.0,0.0,0.0,1718.1071,6943.0,0.0,0.0,0.0,0.0,0.0,0.0,0.0,53,0.0,0.0,0.0,0.0,0.0
213,2025-04-06,1,9287.0,0.0,0.0,1867.7739,9287.0,0.0,0.0,0.0,0.0,0.0,0.0,0.0,72,0.0,0.0,0.0,0.0,0.0
299,2025-07-01,1,2901.0,0.0,0.0,722.54,2901.0,0.0,0.0,0.0,0.0,0.0,0.0,0.0,37,0.0,0.0,0.0,0.0,0.0
300,2025-07-02,1,3044.0,0.0,0.0,760.8918,3044.0,0.0,0.0,0.0,0.0,0.0,0.0,0.0,39,0.0,0.0,0.0,0.0,0.0
225,2025-04-18,1,6093.0,0.0,0.0,1261.5565,6093.0,0.0,0.0,0.0,0.0,0.0,0.0,0.0,51,0.0,0.0,0.0,0.0,0.0
298,2025-06-30,1,4626.0,0.0,0.0,1242.63,4626.0,0.0,0.0,0.0,0.0,0.0,0.0,0.0,42,0.0,0.0,0.0,0.0,0.0
301,2025-07-03,1,2277.0,0.0,0.0,571.07,2277.0,0.0,0.0,0.0,0.0,0.0,0.0,0.0,31,0.0,0.0,0.0,0.0,0.0
311,2025-07-13,1,7278.0,0.0,0.0,1662.9378,7331.0,0.0,0.0,17.0,0.0,70.0,0.0,0.0,63,0.0,0.0,0.0,0.0,0.0
312,2025-07-14,1,2661.0,0.0,0.0,611.42,2544.0,0.0,0.0,117.0,0.0,0.0,0.0,0.0,31,0.0,0.0,0.0,0.0,0.0
313,2025-07-15,1,2892.0,0.0,0.0,777.82,2892.0,0.0,0.0,0.0,0.0,0.0,0.0,0.0,39,0.0,0.0,0.0,0.0,0.0
314,2025-07-16,1,3498.0,0.0,0.0,1071.6349,3498.0,0.0,0.0,0.0,507.0,0.0,0.0,0.0,35,0.0,0.0,0.0,0.0,0.0
315,2025-07-17,1,2792.0,0.0,0.0,636.5,2792.0,0.0,0.0,0.0,0.0,0.0,0.0,0.0,42,0.0,0.0,0.0,0.0,0.0
317,2025-07-19,1,11108.0,0.0,0.0,2602.0126,11108.0,0.0,0.0,0.0,380.0,0.0,0.0,0.0,74,0.0,0.0,0.0,0.0,0.0
323,2025-07-25,1,6881.0,0.0,0.0,1900.7792,6332.0,365.0,0.0,184.0,0.0,0.0,0.0,0.0,49,0.0,0.0,0.0,0.0,0.0
316,2025-07-18,1,4465.0,0.0,0.0,1114.3256,4349.0,0.0,0.0,116.0,0.0,0.0,0.0,0.0,41,0.0,0.0,0.0,0.0,0.0
333,2025-08-04,1,2036.0,0.0,0.0,397.8678,2036.0,0.0,0.0,0.0,0.0,0.0,0.0,0.0,31,0.0,0.0,0.0,0.0,0.0
334,2025-08-05,1,2357.0,0.0,0.0,474.93,2357.0,0.0,0.0,0.0,0.0,0.0,0.0,0.0,31,0.0,0.0,0.0,0.0,0.0
335,2025-08-06,1,2609.0,0.0,0.0,537.97,2609.0,0.0,0.0,0.0,0.0,0.0,0.0,0.0,34,0.0,0.0,0.0,0.0,0.0
338,2025-08-09,1,8621.0,0.0,0.0,1851.4086,8771.0,0.0,0.0,40.0,0.0,190.0,0.0,0.0,69,0.0,0.0,0.0,0.0,0.0
274,2025-06-06,1,5357.0,0.0,0.0,1205.0192,5357.0,0.0,0.0,0.0,0.0,0.0,0.0,0.0,44,0.0,0.0,0.0,0.0,0.0
363,2025-09-03,1,3318.0,0.0,0.0,691.65,3298.0,0.0,0.0,20.0,0.0,0.0,0.0,0.0,38,0.0,0.0,0.0,0.0,0.0
309,2025-07-11,1,4249.0,0.0,0.0,1018.0982,4249.0,0.0,0.0,0.0,0.0,0.0,0.0,0.0,55,0.0,0.0,0.0,0.0,0.0
371,2025-09-12,1,8046.0,0.0,0.0,1920.65,8046.0,0.0,0.0,0.0,0.0,0.0,0.0,0.0,44,0.0,0.0,0.0,0.0,0.0
337,2025-08-08,1,2643.0,0.0,0.0,504.07,2733.0,0.0,0.0,0.0,0.0,90.0,0.0,0.0,28,0.0,0.0,0.0,0.0,0.0
216,2025-04-09,1,2785.0,0.0,0.0,752.6779,2785.0,0.0,0.0,0.0,0.0,0.0,0.0,0.0,41,0.0,0.0,0.0,0.0,0.0
373,2025-09-14,1,8922.0,0.0,0.0,1657.999,8922.0,0.0,0.0,0.0,0.0,0.0,0.0,0.0,74,0.0,0.0,0.0,0.0,0.0
372,2025-09-13,1,9059.0,0.0,0.0,1904.6395,9059.0,0.0,0.0,0.0,0.0,0.0,0.0,0.0,64,0.0,0.0,0.0,0.0,0.0
168,2025-02-20,1,2876.0,0.0,0.0,538.6294,2876.0,0.0,0.0,0.0,0.0,0.0,0.0,0.0,30,0.0,0.0,0.0,0.0,0.0
324,2025-07-26,1,9182.0,0.0,0.0,2263.7465,8804.0,0.0,0.0,418.0,250.0,40.0,0.0,0.0,77,0.0,0.0,0.0,0.0,0.0
374,2025-09-15,1,4675.0,0.0,0.0,927.3777,4327.0,0.0,0.0,348.0,0.0,0.0,0.0,0.0,41,0.0,0.0,0.0,0.0,0.0
382,2025-09-23,1,3543.0,0.0,0.0,680.5908,3428.0,0.0,0.0,115.0,0.0,0.0,0.0,0.0,53,0.0,0.0,0.0,0.0,0.0
233,2025-04-26,1,3665.0,0.0,0.0,820.7119,3665.0,0.0,0.0,0.0,0.0,0.0,0.0,0.0,49,0.0,0.0,0.0,0.0,0.0
383,2025-09-24,1,4477.0,0.0,0.0,900.7308,4170.0,0.0,0.0,307.0,0.0,0.0,0.0,0.0,43,0.0,0.0,0.0,0.0,0.0
387,2025-09-28,1,8478.0,0.0,0.0,1581.9002,8478.0,0.0,0.0,0.0,0.0,0.0,0.0,0.0,55,0.0,0.0,0.0,0.0,0.0
391,2025-10-02,1,5421.0,0.0,0.0,1078.0,5341.0,0.0,0.0,80.0,0.0,0.0,0.0,0.0,53,0.0,0.0,0.0,0.0,0.0
392,2025-10-03,1,5776.0,0.0,0.0,1167.6302,5661.0,0.0,0.0,115.0,0.0,0.0,0.0,0.0,56,0.0,0.0,0.0,0.0,0.0
396,2025-10-07,1,2525.0,0.0,0.0,556.89,2485.0,0.0,0.0,40.0,0.0,0.0,0.0,0.0,33,0.0,0.0,0.0,0.0,0.0
241,2025-05-04,1,8078.0,0.0,0.0,1842.714,8078.0,0.0,0.0,0.0,0.0,0.0,0.0,0.0,72,0.0,0.0,0.0,0.0,0.0
397,2025-10-08,1,3651.0,0.0,0.0,673.7802,3531.0,0.0,0.0,120.0,0.0,0.0,0.0,0.0,37,0.0,0.0,0.0,0.0,0.0
375,2025-09-16,1,4044.0,0.0,0.0,779.21,4044.0,0.0,0.0,0.0,0.0,0.0,0.0,0.0,42,0.0,0.0,0.0,0.0,0.0
398,2025-10-09,1,5028.0,0.0,0.0,1011.61,5028.0,0.0,0.0,0.0,0.0,0.0,0.0,0.0,42,0.0,0.0,0.0,0.0,0.0
399,2025-10-10,1,4049.0,0.0,0.0,857.42,4049.0,0.0,0.0,0.0,0.0,0.0,0.0,0.0,50,0.0,0.0,0.0,0.0,0.0
400,2025-10-11,1,10690.0,0.0,0.0,1905.4702,10690.0,0.0,0.0,0.0,0.0,0.0,0.0,0.0,58,0.0,0.0,0.0,0.0,0.0
302,2025-07-04,1,9450.0,0.0,0.0,1441.62,7954.0,2000.0,0.0,3496.0,15.0,4000.0,0.0,0.0,43,0.0,0.0,0.0,0.0,0.0
401,2025-10-12,1,8137.0,0.0,0.0,1458.6,8247.0,0.0,0.0,0.0,0.0,110.0,0.0,0.0,61,0.0,0.0,0.0,0.0,0.0
384,2025-09-25,1,3449.0,0.0,0.0,704.7904,3324.0,0.0,0.0,125.0,0.0,0.0,0.0,0.0,41,0.0,0.0,0.0,0.0,0.0
403,2025-10-14,1,3053.0,0.0,0.0,626.825,2948.0,105.0,0.0,0.0,0.0,0.0,0.0,0.0,42,0.0,0.0,0.0,0.0,0.0
402,2025-10-13,1,3732.0,0.0,0.0,835.71,3512.0,220.0,0.0,0.0,0.0,0.0,0.0,0.0,39,0.0,0.0,0.0,0.0,0.0
304,2025-07-06,1,0.0,0.0,0.0,0.0,0.0,0.0,0.0,0.0,0.0,0.0,0.0,0.0,0,0.0,0.0,0.0,0.0,0.0
285,2025-06-17,1,2985.0,0.0,0.0,776.5297,2985.0,0.0,0.0,0.0,0.0,0.0,0.0,0.0,43,0.0,0.0,0.0,0.0,0.0
305,2025-07-07,1,2562.0,0.0,0.0,680.99,2461.0,101.0,0.0,0.0,0.0,0.0,0.0,0.0,37,0.0,0.0,0.0,0.0,0.0
404,2025-10-15,1,3368.0,0.0,340.0,616.24,3238.0,130.0,0.0,0.0,0.0,0.0,0.0,0.0,45,0.0,0.0,0.0,0.0,0.0
407,2025-10-18,1,12149.0,0.0,0.0,2232.9169,12127.0,0.0,0.0,22.0,0.0,0.0,0.0,0.0,80,0.0,0.0,0.0,0.0,0.0
408,2025-10-19,1,11191.0,0.0,0.0,1940.587,11158.0,0.0,0.0,33.0,0.0,0.0,0.0,0.0,78,0.0,0.0,0.0,0.0,0.0
46,2024-10-21,1,2357.0,0.0,0.0,472.67,2357.0,0.0,0.0,0.0,0.0,0.0,0.0,0.0,41,0.0,0.0,0.0,0.0,0.0
409,2025-10-20,1,3269.0,0.0,0.0,715.3766,3223.0,0.0,0.0,46.0,86.0,0.0,0.0,0.0,30,0.0,0.0,0.0,0.0,0.0
411,2025-10-22,1,2850.0,0.0,0.0,490.3977,2850.0,0.0,0.0,0.0,0.0,0.0,0.0,0.0,28,0.0,0.0,0.0,0.0,0.0
412,2025-10-23,1,3213.0,0.0,0.0,608.2867,3190.0,0.0,0.0,23.0,0.0,0.0,0.0,0.0,36,0.0,0.0,0.0,0.0,0.0
413,2025-10-24,1,4020.0,0.0,0.0,824.608,4020.0,0.0,0.0,0.0,0.0,0.0,0.0,0.0,44,0.0,0.0,0.0,0.0,0.0
169,2025-02-21,1,3686.0,0.0,0.0,746.3027,3686.0,0.0,0.0,0.0,0.0,0.0,0.0,0.0,51,0.0,0.0,0.0,0.0,0.0
226,2025-04-19,1,9647.0,0.0,0.0,2133.6993,9647.0,0.0,0.0,0.0,0.0,0.0,0.0,0.0,62,0.0,0.0,0.0,0.0,0.0
414,2025-10-25,1,8315.0,0.0,0.0,1476.209,8315.0,0.0,0.0,0.0,0.0,0.0,0.0,0.0,53,0.0,0.0,0.0,0.0,0.0
415,2025-10-26,1,12353.0,0.0,0.0,2178.898,12353.0,0.0,0.0,0.0,0.0,0.0,0.0,0.0,61,0.0,0.0,0.0,0.0,0.0
417,2025-10-28,1,7737.0,0.0,0.0,1347.23,7407.0,330.0,0.0,0.0,0.0,0.0,0.0,0.0,36,0.0,0.0,0.0,0.0,0.0
418,2025-10-29,1,3037.0,0.0,0.0,574.22,3037.0,0.0,0.0,0.0,0.0,0.0,0.0,0.0,27,0.0,0.0,0.0,0.0,0.0
419,2025-10-30,1,2429.0,0.0,0.0,521.722,2249.0,180.0,0.0,0.0,0.0,0.0,0.0,0.0,38,0.0,0.0,0.0,0.0,0.0
336,2025-08-07,1,1973.0,0.0,0.0,381.3308,1973.0,0.0,0.0,0.0,0.0,0.0,0.0,0.0,19,0.0,0.0,0.0,0.0,0.0
416,2025-10-27,1,2450.0,0.0,0.0,533.0167,2450.0,0.0,0.0,0.0,0.0,0.0,0.0,0.0,33,0.0,0.0,0.0,0.0,0.0
406,2025-10-17,1,6523.0,0.0,0.0,1247.96,6168.0,330.0,0.0,25.0,0.0,0.0,0.0,0.0,58,0.0,0.0,0.0,0.0,0.0
217,2025-04-10,1,3298.0,0.0,0.0,722.6276,3298.0,0.0,0.0,0.0,0.0,0.0,0.0,0.0,55,0.0,0.0,0.0,0.0,0.0
420,2025-10-31,1,6977.0,0.0,0.0,1343.6775,4674.0,0.0,0.0,2303.0,2303.0,0.0,0.0,0.0,44,0.0,0.0,0.0,0.0,0.0
432,2025-11-12,1,2709.0,0.0,0.0,498.62,2709.0,0.0,0.0,0.0,0.0,0.0,0.0,0.0,31,0.0,0.0,0.0,0.0,0.0
275,2025-06-07,1,12955.0,0.0,0.0,3067.0881,12955.0,0.0,0.0,0.0,0.0,0.0,0.0,0.0,92,0.0,0.0,0.0,0.0,0.0
442,2025-11-22,1,8442.0,0.0,0.0,1581.0178,8442.0,0.0,0.0,0.0,0.0,0.0,0.0,0.0,52,0.0,0.0,0.0,0.0,0.0
443,2025-11-23,1,6651.0,0.0,0.0,1235.568,6651.0,0.0,0.0,0.0,0.0,0.0,0.0,0.0,53,0.0,0.0,0.0,0.0,0.0
444,2025-11-24,1,3678.0,0.0,0.0,708.3599,3678.0,0.0,0.0,0.0,0.0,0.0,0.0,0.0,34,0.0,0.0,0.0,0.0,0.0
364,2025-09-04,1,3555.0,0.0,0.0,789.68,3555.0,0.0,0.0,0.0,0.0,0.0,0.0,0.0,36,0.0,0.0,0.0,0.0,0.0
445,2025-11-25,1,1984.0,0.0,0.0,431.93,1984.0,0.0,0.0,0.0,0.0,0.0,0.0,0.0,27,0.0,0.0,0.0,0.0,0.0
446,2025-11-26,1,4510.0,0.0,0.0,910.509,4510.0,0.0,0.0,0.0,0.0,0.0,0.0,0.0,24,0.0,0.0,0.0,0.0,0.0
318,2025-07-20,1,7627.0,0.0,0.0,1817.6279,7508.0,0.0,0.0,119.0,0.0,0.0,0.0,0.0,60,0.0,0.0,0.0,0.0,0.0
447,2025-11-27,1,2732.0,0.0,0.0,602.0394,2732.0,0.0,0.0,0.0,0.0,0.0,0.0,0.0,32,0.0,0.0,0.0,0.0,0.0
448,2025-11-28,1,4048.0,0.0,0.0,768.1457,4048.0,0.0,0.0,0.0,0.0,0.0,0.0,0.0,39,0.0,0.0,0.0,0.0,0.0
449,2025-11-29,1,8038.0,0.0,0.0,1531.96,8038.0,0.0,0.0,0.0,0.0,0.0,0.0,0.0,44,0.0,0.0,0.0,0.0,0.0
450,2025-11-30,1,6810.0,0.0,0.0,1169.58,6810.0,0.0,0.0,0.0,0.0,0.0,0.0,0.0,47,0.0,0.0,0.0,0.0,0.0
451,2025-12-01,1,2859.0,0.0,0.0,551.676,2859.0,0.0,0.0,0.0,0.0,0.0,0.0,0.0,34,0.0,0.0,0.0,0.0,0.0
234,2025-04-27,1,3533.0,0.0,0.0,835.9887,3533.0,0.0,0.0,0.0,0.0,0.0,0.0,0.0,48,0.0,0.0,0.0,0.0,0.0
405,2025-10-16,1,3711.0,0.0,0.0,640.57,3502.0,220.0,0.0,6.0,0.0,0.0,17.0,0.0,29,0.0,0.0,0.0,0.0,0.0
310,2025-07-12,1,10164.0,0.0,0.0,2460.7728,9906.0,0.0,0.0,258.0,300.0,0.0,0.0,0.0,63,0.0,0.0,0.0,0.0,0.0
306,2025-07-08,1,3252.0,0.0,0.0,701.6421,3058.0,364.0,0.0,199.0,50.0,369.0,0.0,0.0,49,0.0,0.0,0.0,0.0,0.0
47,2024-10-22,1,1638.0,0.0,0.0,325.27,1638.0,0.0,0.0,0.0,0.0,0.0,0.0,0.0,33,0.0,0.0,0.0,0.0,0.0
376,2025-09-17,1,2995.0,0.0,0.0,811.8206,2785.0,0.0,0.0,210.0,900.0,0.0,0.0,0.0,32,0.0,0.0,0.0,0.0,0.0
421,2025-11-01,1,10417.0,0.0,0.0,1806.0979,10417.0,0.0,0.0,0.0,0.0,0.0,0.0,0.0,68,0.0,0.0,0.0,0.0,0.0
410,2025-10-21,1,5707.0,0.0,0.0,977.6467,5707.0,0.0,0.0,0.0,0.0,0.0,0.0,0.0,42,0.0,0.0,0.0,0.0,0.0
303,2025-07-05,1,5137.0,0.0,630.0,1095.3463,5120.0,0.0,0.0,57.0,0.0,40.0,0.0,0.0,53,0.0,0.0,0.0,0.0,0.0
385,2025-09-26,1,6232.0,0.0,0.0,1193.5902,6117.0,0.0,0.0,115.0,0.0,0.0,0.0,0.0,50,0.0,0.0,0.0,0.0,0.0
393,2025-10-04,1,12753.0,0.0,0.0,2203.4104,12753.0,0.0,0.0,0.0,0.0,0.0,0.0,0.0,78,0.0,0.0,0.0,0.0,0.0
170,2025-02-22,1,9374.0,0.0,0.0,1602.5814,9374.0,0.0,0.0,0.0,0.0,0.0,0.0,0.0,82,0.0,0.0,0.0,0.0,0.0
339,2025-08-10,1,7461.0,0.0,0.0,1547.9285,7461.0,0.0,0.0,0.0,0.0,0.0,0.0,0.0,61,0.0,0.0,0.0,0.0,0.0
365,2025-09-05,1,5908.0,0.0,0.0,1165.389,5908.0,0.0,0.0,0.0,0.0,0.0,0.0,0.0,55,0.0,0.0,0.0,0.0,0.0
227,2025-04-20,1,6613.0,0.0,0.0,1494.9599,6613.0,0.0,0.0,0.0,0.0,0.0,0.0,0.0,54,0.0,0.0,0.0,0.0,0.0
218,2025-04-11,1,3578.0,0.0,0.0,862.4484,3578.0,0.0,0.0,0.0,0.0,0.0,0.0,0.0,51,0.0,0.0,0.0,0.0,0.0
325,2025-07-27,1,8551.0,0.0,0.0,1939.2,8551.0,0.0,0.0,0.0,0.0,0.0,0.0,0.0,60,0.0,0.0,0.0,0.0,0.0
48,2024-10-23,1,1902.0,0.0,0.0,385.83,1902.0,0.0,0.0,0.0,0.0,0.0,0.0,0.0,34,0.0,0.0,0.0,0.0,0.0
235,2025-04-28,1,3999.0,0.0,0.0,760.6277,3999.0,0.0,0.0,0.0,0.0,0.0,0.0,0.0,41,0.0,0.0,0.0,0.0,0.0
377,2025-09-18,1,4497.0,0.0,0.0,973.9908,4297.0,0.0,0.0,200.0,110.0,0.0,0.0,0.0,51,0.0,0.0,0.0,0.0,0.0
319,2025-07-21,1,4404.0,0.0,0.0,1066.1214,4359.0,0.0,0.0,45.0,0.0,0.0,0.0,0.0,45,0.0,0.0,0.0,0.0,0.0
307,2025-07-09,1,3202.0,0.0,0.0,750.22,3202.0,0.0,0.0,0.0,0.0,0.0,0.0,0.0,41,0.0,0.0,0.0,0.0,0.0
49,2024-10-24,1,1042.0,0.0,0.0,247.16,1042.0,0.0,0.0,0.0,0.0,0.0,0.0,0.0,31,0.0,0.0,0.0,0.0,0.0
236,2025-04-29,1,2941.0,0.0,0.0,745.5016,2941.0,0.0,0.0,0.0,0.0,0.0,0.0,0.0,31,0.0,0.0,0.0,0.0,0.0
228,2025-04-21,1,3040.0,0.0,0.0,748.0904,3040.0,0.0,0.0,0.0,0.0,0.0,0.0,0.0,28,0.0,0.0,0.0,0.0,0.0
326,2025-07-28,1,1785.0,0.0,0.0,380.24,1479.0,0.0,0.0,306.0,0.0,0.0,0.0,0.0,26,0.0,0.0,0.0,0.0,0.0
50,2024-10-25,1,1073.0,0.0,0.0,199.58,1073.0,0.0,0.0,0.0,0.0,0.0,0.0,0.0,18,0.0,0.0,0.0,0.0,0.0
171,2025-02-23,1,5464.0,0.0,0.0,931.952,5564.0,0.0,0.0,0.0,0.0,100.0,0.0,0.0,50,0.0,0.0,0.0,0.0,0.0
320,2025-07-22,1,2655.0,0.0,0.0,636.06,2478.0,0.0,0.0,177.0,0.0,0.0,0.0,0.0,46,0.0,0.0,0.0,0.0,0.0
308,2025-07-10,1,3370.0,0.0,0.0,807.8042,3194.0,0.0,0.0,176.0,50.0,0.0,0.0,0.0,39,0.0,0.0,0.0,0.0,0.0
229,2025-04-22,1,2579.0,0.0,0.0,701.566,2579.0,0.0,0.0,0.0,0.0,0.0,0.0,0.0,34,0.0,0.0,0.0,0.0,0.0
51,2024-10-26,1,4613.0,0.0,0.0,864.39,4613.0,0.0,0.0,0.0,0.0,0.0,0.0,0.0,54,0.0,0.0,0.0,0.0,0.0
237,2025-04-30,1,3093.0,0.0,0.0,822.4157,3093.0,0.0,0.0,0.0,0.0,0.0,0.0,0.0,49,0.0,0.0,0.0,0.0,0.0
172,2025-02-24,1,2281.0,0.0,0.0,534.8734,2281.0,0.0,0.0,0.0,0.0,0.0,0.0,0.0,35,0.0,0.0,0.0,0.0,0.0
230,2025-04-23,1,2256.0,0.0,0.0,564.5516,2256.0,0.0,0.0,0.0,0.0,0.0,0.0,0.0,36,0.0,0.0,0.0,0.0,0.0
52,2024-10-27,1,2470.0,0.0,0.0,382.666,2470.0,0.0,0.0,0.0,0.0,0.0,0.0,0.0,32,0.0,0.0,0.0,0.0,0.0
238,2025-05-01,1,3163.0,0.0,0.0,789.1403,3163.0,0.0,0.0,0.0,0.0,0.0,0.0,0.0,36,0.0,0.0,0.0,0.0,0.0
173,2025-02-25,1,1607.0,0.0,0.0,441.9258,1607.0,0.0,0.0,0.0,0.0,0.0,0.0,0.0,34,0.0,0.0,0.0,0.0,0.0
53,2024-10-28,1,1959.0,0.0,0.0,386.37,1959.0,0.0,0.0,0.0,0.0,0.0,0.0,0.0,28,0.0,0.0,0.0,0.0,0.0
174,2025-02-26,1,3468.0,0.0,0.0,734.1908,3468.0,0.0,0.0,0.0,0.0,0.0,0.0,0.0,52,0.0,0.0,0.0,0.0,0.0
54,2024-10-29,1,2007.0,0.0,0.0,383.63,2007.0,0.0,0.0,0.0,0.0,0.0,0.0,0.0,31,0.0,0.0,0.0,0.0,0.0
321,2025-07-23,1,3845.0,0.0,0.0,924.1792,3650.0,0.0,0.0,195.0,0.0,0.0,0.0,0.0,44,0.0,0.0,0.0,0.0,0.0
327,2025-07-29,1,2784.0,0.0,0.0,595.23,2688.0,0.0,0.0,96.0,0.0,0.0,0.0,0.0,25,0.0,0.0,0.0,0.0,0.0
340,2025-08-11,1,3222.0,0.0,0.0,650.38,2680.0,0.0,0.0,542.0,0.0,0.0,0.0,0.0,40,0.0,0.0,0.0,0.0,0.0
366,2025-09-06,1,10659.0,0.0,0.0,2214.04,10659.0,0.0,0.0,0.0,0.0,0.0,0.0,0.0,70,0.0,0.0,0.0,0.0,0.0
378,2025-09-19,1,4624.0,0.0,0.0,892.24,4486.0,0.0,0.0,138.0,0.0,0.0,0.0,0.0,46,0.0,0.0,0.0,0.0,0.0
386,2025-09-27,1,9282.0,0.0,0.0,1616.5004,9202.0,0.0,0.0,80.0,0.0,0.0,0.0,0.0,67,0.0,0.0,0.0,0.0,0.0
394,2025-10-05,1,5463.0,0.0,0.0,1084.22,5463.0,0.0,0.0,0.0,0.0,0.0,0.0,0.0,51,0.0,0.0,0.0,0.0,0.0
55,2024-10-30,1,389.0,0.0,0.0,119.158,389.0,0.0,0.0,0.0,0.0,0.0,0.0,0.0,17,0.0,0.0,0.0,0.0,0.0
422,2025-11-02,1,9418.0,0.0,0.0,1789.0927,9418.0,0.0,0.0,0.0,0.0,0.0,0.0,0.0,85,0.0,0.0,0.0,0.0,0.0
433,2025-11-13,1,0.0,0.0,0.0,0.0,0.0,0.0,0.0,0.0,0.0,0.0,0.0,0.0,0,0.0,0.0,0.0,0.0,0.0
434,2025-11-14,1,0.0,0.0,0.0,0.0,0.0,0.0,0.0,0.0,0.0,0.0,0.0,0.0,0,0.0,0.0,0.0,0.0,0.0
435,2025-11-15,1,7101.0,0.0,0.0,1217.7149,7101.0,0.0,0.0,0.0,0.0,0.0,0.0,0.0,53,0.0,0.0,0.0,0.0,0.0
452,2025-12-02,1,3179.0,0.0,0.0,581.3794,3179.0,0.0,0.0,0.0,0.0,0.0,0.0,0.0,31,0.0,0.0,0.0,0.0,0.0
453,2025-12-03,1,2761.0,0.0,0.0,507.1594,2761.0,0.0,0.0,0.0,0.0,0.0,0.0,0.0,19,0.0,0.0,0.0,0.0,0.0
454,2025-12-04,1,2254.0,0.0,0.0,480.36,2254.0,0.0,0.0,0.0,0.0,0.0,0.0,0.0,28,0.0,0.0,0.0,0.0,0.0
455,2025-12-05,1,2758.0,0.0,0.0,493.72,2758.0,0.0,0.0,0.0,0.0,0.0,0.0,0.0,23,0.0,0.0,0.0,0.0,0.0
456,2025-12-06,1,12258.0,0.0,0.0,2304.2294,12258.0,0.0,0.0,0.0,0.0,0.0,0.0,0.0,58,0.0,0.0,0.0,0.0,0.0
458,2025-12-08,1,2350.0,0.0,0.0,435.1,2350.0,0.0,0.0,0.0,0.0,0.0,0.0,0.0,27,0.0,0.0,0.0,0.0,0.0
459,2025-12-09,1,2154.0,0.0,0.0,434.9294,2154.0,0.0,0.0,0.0,0.0,0.0,0.0,0.0,20,0.0,0.0,0.0,0.0,0.0
457,2025-12-07,1,6299.0,0.0,0.0,1192.8456,6299.0,0.0,0.0,0.0,0.0,0.0,0.0,0.0,52,0.0,0.0,0.0,0.0,0.0
460,2025-12-10,1,2961.0,0.0,0.0,585.3584,2961.0,0.0,0.0,0.0,0.0,0.0,0.0,0.0,21,0.0,0.0,0.0,0.0,0.0
461,2025-12-11,1,10551.0,0.0,0.0,1904.8406,10551.0,0.0,0.0,0.0,0.0,0.0,0.0,0.0,43,0.0,0.0,0.0,0.0,0.0
462,2025-12-12,1,5337.0,0.0,0.0,973.5636,5337.0,0.0,0.0,0.0,0.0,0.0,0.0,0.0,39,0.0,0.0,0.0,0.0,0.0
463,2025-12-13,1,10775.0,0.0,0.0,1987.221,10775.0,0.0,0.0,0.0,0.0,0.0,0.0,0.0,60,0.0,0.0,0.0,0.0,0.0
464,2025-12-14,1,9766.0,0.0,0.0,1721.2724,7486.0,0.0,0.0,2280.0,2280.0,0.0,0.0,0.0,47,0.0,0.0,0.0,0.0,0.0
56,2024-10-31,1,1434.0,0.0,0.0,342.1269,1434.0,0.0,0.0,0.0,0.0,0.0,0.0,0.0,28,0.0,0.0,0.0,0.0,0.0
465,2025-12-15,1,1908.0,0.0,0.0,312.3296,1908.0,0.0,0.0,0.0,0.0,0.0,0.0,0.0,13,0.0,0.0,0.0,0.0,0.0
498,2026-01-17,1,7738.0,0.0,0.0,1363.015,7738.0,0.0,0.0,0.0,0.0,0.0,0.0,0.0,47,0.0,0.0,0.0,0.0,0.0
499,2026-01-18,1,6673.0,0.0,0.0,1215.229,6673.0,0.0,0.0,0.0,0.0,0.0,0.0,0.0,59,0.0,0.0,0.0,0.0,0.0
328,2025-07-30,1,2268.0,0.0,0.0,534.801,2191.0,0.0,0.0,77.0,300.0,0.0,0.0,0.0,27,0.0,0.0,0.0,0.0,0.0
175,2025-02-27,1,2356.0,0.0,0.0,641.8596,2356.0,0.0,0.0,0.0,0.0,0.0,0.0,0.0,45,0.0,0.0,0.0,0.0,0.0
500,2026-01-19,1,3201.0,0.0,0.0,706.22,3201.0,0.0,0.0,0.0,446.0,0.0,0.0,0.0,30,0.0,0.0,0.0,0.0,0.0
511,2026-01-30,1,6037.0,0.0,0.0,1064.115,6037.0,0.0,0.0,0.0,0.0,0.0,0.0,0.0,43,0.0,0.0,0.0,0.0,0.0
466,2025-12-16,1,1893.0,0.0,0.0,379.3424,1893.0,0.0,0.0,0.0,0.0,0.0,0.0,0.0,17,0.0,0.0,0.0,0.0,0.0
517,2026-02-05,1,4627.0,0.0,0.0,815.115,4627.0,0.0,0.0,0.0,0.0,0.0,0.0,0.0,35,0.0,0.0,0.0,0.0,0.0
524,2026-02-12,1,4183.0,0.0,0.0,731.02,3824.0,0.0,0.0,359.0,0.0,0.0,0.0,0.0,33,0.0,0.0,0.0,0.0,0.0
525,2026-02-13,1,4621.0,0.0,0.0,821.74,4621.0,0.0,0.0,0.0,0.0,0.0,0.0,0.0,26,0.0,0.0,0.0,0.0,0.0
526,2026-02-14,1,7953.0,0.0,0.0,1478.47,7953.0,0.0,0.0,0.0,635.0,0.0,0.0,0.0,52,0.0,0.0,0.0,0.0,0.0
529,2026-02-17,1,3039.0,0.0,0.0,617.2444,3039.0,0.0,0.0,0.0,0.0,0.0,0.0,0.0,29,0.0,0.0,0.0,0.0,0.0
530,2026-02-18,1,2392.0,0.0,0.0,381.5997,2005.0,0.0,0.0,387.0,0.0,0.0,0.0,0.0,26,0.0,0.0,0.0,0.0,0.0
531,2026-02-19,1,3676.0,0.0,0.0,622.76,3676.0,0.0,0.0,0.0,0.0,0.0,0.0,0.0,26,0.0,0.0,0.0,0.0,0.0
532,2026-02-20,1,1932.0,0.0,0.0,399.34,1932.0,0.0,0.0,0.0,0.0,0.0,0.0,0.0,24,0.0,0.0,0.0,0.0,0.0
533,2026-02-21,1,9220.0,0.0,0.0,1672.2266,9024.0,0.0,0.0,196.0,445.0,0.0,0.0,0.0,65,0.0,0.0,0.0,0.0,0.0
545,2026-03-05,1,4012.0,0.0,0.0,797.22,4012.0,0.0,0.0,0.0,0.0,0.0,0.0,0.0,44,0.0,0.0,0.0,0.0,0.0
546,2026-03-06,1,6410.0,0.0,0.0,1051.99,6528.0,0.0,0.0,0.0,0.0,118.0,0.0,0.0,41,0.0,0.0,0.0,0.0,0.0
547,2026-03-07,1,8127.0,0.0,0.0,1299.0997,8127.0,0.0,0.0,0.0,0.0,0.0,0.0,0.0,59,0.0,0.0,0.0,0.0,0.0
527,2026-02-15,1,5041.0,0.0,0.0,907.42,4625.0,0.0,0.0,416.0,0.0,0.0,0.0,0.0,37,0.0,0.0,0.0,0.0,0.0
341,2025-08-12,1,5019.0,0.0,0.0,1121.5708,5019.0,0.0,0.0,0.0,0.0,0.0,0.0,0.0,57,0.0,0.0,0.0,0.0,0.0
322,2025-07-24,1,3705.0,0.0,0.0,997.78,3624.0,0.0,0.0,81.0,0.0,0.0,0.0,0.0,41,0.0,0.0,0.0,0.0,0.0
548,2026-03-08,1,7705.0,0.0,0.0,1448.02,7705.0,0.0,0.0,0.0,0.0,0.0,0.0,0.0,59,0.0,0.0,0.0,0.0,0.0
550,2026-03-10,1,1455.0,0.0,0.0,309.88,1455.0,0.0,0.0,0.0,0.0,0.0,0.0,0.0,19,0.0,0.0,0.0,0.0,0.0
551,2026-03-11,1,4068.0,0.0,0.0,773.1298,4068.0,0.0,0.0,0.0,0.0,0.0,0.0,0.0,35,0.0,0.0,0.0,0.0,0.0
552,2026-03-12,1,2714.0,0.0,0.0,458.09,2714.0,0.0,0.0,0.0,0.0,0.0,0.0,0.0,29,0.0,0.0,0.0,0.0,0.0
467,2025-12-17,1,3631.0,0.0,0.0,674.4136,3631.0,0.0,0.0,0.0,0.0,0.0,0.0,0.0,25,0.0,0.0,0.0,0.0,0.0
57,2024-11-01,1,2247.0,0.0,0.0,396.23,2247.0,0.0,0.0,0.0,0.0,0.0,0.0,0.0,29,0.0,0.0,0.0,0.0,0.0
556,2026-03-16,1,1647.0,0.0,0.0,420.8901,1647.0,0.0,0.0,0.0,0.0,0.0,0.0,0.0,24,0.0,0.0,0.0,0.0,0.0
560,2026-03-20,1,5327.0,0.0,0.0,935.52,5327.0,0.0,0.0,0.0,0.0,0.0,0.0,0.0,42,0.0,0.0,0.0,0.0,0.0
561,2026-03-21,1,10724.0,0.0,0.0,1940.58,10724.0,0.0,0.0,0.0,0.0,0.0,0.0,0.0,74,0.0,0.0,0.0,0.0,0.0
379,2025-09-20,1,10138.0,0.0,0.0,1739.1969,9990.0,0.0,0.0,148.0,300.0,0.0,0.0,0.0,70,0.0,0.0,0.0,0.0,0.0
537,2026-02-25,1,3149.0,0.0,0.0,626.43,3149.0,0.0,0.0,0.0,0.0,0.0,0.0,0.0,33,0.0,0.0,0.0,0.0,0.0
562,2026-03-22,1,8695.0,0.0,0.0,1579.9047,8755.0,0.0,0.0,0.0,0.0,60.0,0.0,0.0,62,0.0,0.0,0.0,0.0,0.0
329,2025-07-31,1,3893.0,0.0,0.0,850.81,3703.0,0.0,0.0,190.0,0.0,0.0,0.0,0.0,52,0.0,0.0,0.0,0.0,0.0
501,2026-01-20,1,6626.0,0.0,0.0,1322.5145,6626.0,0.0,0.0,0.0,500.0,0.0,0.0,0.0,48,0.0,0.0,0.0,0.0,0.0
563,2026-03-23,1,2658.0,0.0,0.0,507.655,2658.0,0.0,0.0,0.0,0.0,0.0,0.0,0.0,25,0.0,0.0,0.0,0.0,0.0
564,2026-03-24,1,2798.0,0.0,0.0,520.5,2798.0,0.0,0.0,0.0,0.0,0.0,0.0,0.0,29,0.0,0.0,0.0,0.0,0.0
565,2026-03-25,1,2499.0,0.0,0.0,511.1701,2499.0,0.0,0.0,0.0,0.0,0.0,0.0,0.0,30,0.0,0.0,0.0,0.0,0.0
566,2026-03-26,1,5086.0,0.0,0.0,807.6,5086.0,0.0,0.0,0.0,0.0,0.0,0.0,0.0,27,0.0,0.0,0.0,0.0,0.0
395,2025-10-06,1,3451.0,0.0,0.0,751.8397,3451.0,0.0,0.0,0.0,0.0,0.0,0.0,0.0,36,0.0,0.0,0.0,0.0,0.0
581,2026-04-10,1,5876.0,0.0,0.0,1087.48,5876.0,0.0,0.0,0.0,0.0,0.0,0.0,0.0,42,0.0,0.0,0.0,0.0,0.0
549,2026-03-09,1,3004.0,0.0,0.0,557.97,3004.0,0.0,0.0,0.0,0.0,0.0,0.0,0.0,28,0.0,0.0,0.0,0.0,0.0
436,2025-11-16,1,7674.0,0.0,0.0,1399.5301,7674.0,0.0,0.0,0.0,0.0,0.0,0.0,0.0,62,0.0,0.0,0.0,0.0,0.0
567,2026-03-27,1,2434.0,0.0,0.0,471.56,2434.0,0.0,0.0,0.0,0.0,0.0,0.0,0.0,25,0.0,0.0,0.0,0.0,0.0
518,2026-02-06,1,5059.0,0.0,0.0,920.85,5059.0,0.0,0.0,0.0,0.0,0.0,0.0,0.0,35,0.0,0.0,0.0,0.0,0.0
367,2025-09-07,1,8286.0,0.0,0.0,1663.7108,8286.0,0.0,0.0,0.0,0.0,0.0,0.0,0.0,58,0.0,0.0,0.0,0.0,0.0
388,2025-09-29,1,2720.0,0.0,0.0,529.6802,2720.0,0.0,0.0,0.0,0.0,0.0,0.0,0.0,25,0.0,0.0,0.0,0.0,0.0
58,2024-11-02,1,4552.0,0.0,0.0,892.7069,4552.0,0.0,0.0,0.0,0.0,0.0,0.0,0.0,61,0.0,0.0,0.0,0.0,0.0
468,2025-12-18,1,3613.0,0.0,0.0,650.1824,3613.0,0.0,0.0,0.0,0.0,0.0,0.0,0.0,30,0.0,0.0,0.0,0.0,0.0
553,2026-03-13,1,4883.0,0.0,0.0,797.8001,4883.0,0.0,0.0,0.0,0.0,0.0,0.0,0.0,47,0.0,0.0,0.0,0.0,0.0
512,2026-01-31,1,9013.0,0.0,0.0,1527.96,8792.0,0.0,0.0,221.0,221.0,0.0,0.0,0.0,63,0.0,0.0,0.0,0.0,0.0
528,2026-02-16,1,3595.0,0.0,0.0,702.1434,3202.0,0.0,0.0,393.0,230.0,0.0,0.0,0.0,32,0.0,0.0,0.0,0.0,0.0
534,2026-02-22,1,3184.0,0.0,0.0,571.55,3184.0,0.0,0.0,0.0,0.0,0.0,0.0,0.0,22,0.0,0.0,0.0,0.0,0.0
538,2026-02-26,1,3499.0,0.0,0.0,598.67,3214.0,0.0,0.0,285.0,0.0,0.0,0.0,0.0,31,0.0,0.0,0.0,0.0,0.0
423,2025-11-03,1,2887.0,0.0,0.0,532.9467,2832.0,0.0,0.0,55.0,0.0,0.0,0.0,0.0,38,0.0,0.0,0.0,0.0,0.0
342,2025-08-13,1,2873.0,0.0,0.0,680.28,2873.0,0.0,0.0,0.0,0.0,0.0,0.0,0.0,43,0.0,0.0,0.0,0.0,0.0
389,2025-09-30,1,3051.0,0.0,0.0,735.0605,3051.0,0.0,0.0,0.0,300.0,0.0,0.0,0.0,47,0.0,0.0,0.0,0.0,0.0
330,2025-08-01,1,6425.0,0.0,0.0,1290.04,6315.0,0.0,0.0,110.0,0.0,0.0,0.0,0.0,48,0.0,0.0,0.0,0.0,0.0
568,2026-03-28,1,9061.0,0.0,0.0,1379.67,9061.0,0.0,0.0,0.0,0.0,0.0,0.0,0.0,55,0.0,0.0,0.0,0.0,0.0
469,2025-12-19,1,4705.0,0.0,0.0,873.509,4705.0,0.0,0.0,0.0,0.0,0.0,0.0,0.0,41,0.0,0.0,0.0,0.0,0.0
502,2026-01-21,1,2324.0,0.0,0.0,467.345,2324.0,0.0,0.0,0.0,0.0,0.0,0.0,0.0,27,0.0,0.0,0.0,0.0,0.0
519,2026-02-07,1,8431.0,0.0,0.0,1454.76,8431.0,0.0,0.0,0.0,0.0,0.0,0.0,0.0,47,0.0,0.0,0.0,0.0,0.0
582,2026-04-11,1,11195.0,0.0,0.0,1840.3894,11195.0,0.0,0.0,0.0,204.0,0.0,0.0,0.0,63,0.0,0.0,0.0,0.0,0.0
535,2026-02-23,1,2074.0,0.0,0.0,419.38,1992.0,0.0,0.0,82.0,0.0,0.0,0.0,0.0,27,0.0,0.0,0.0,0.0,0.0
380,2025-09-21,1,6752.0,0.0,0.0,1470.4072,6752.0,0.0,0.0,0.0,0.0,0.0,0.0,0.0,55,0.0,0.0,0.0,0.0,0.0
554,2026-03-14,1,7174.0,0.0,0.0,1135.45,7174.0,0.0,0.0,0.0,0.0,0.0,0.0,0.0,40,0.0,0.0,0.0,0.0,0.0
368,2025-09-08,1,3186.0,0.0,0.0,665.3595,3186.0,0.0,0.0,0.0,0.0,0.0,0.0,0.0,35,0.0,0.0,0.0,0.0,0.0
59,2024-11-03,1,3281.0,0.0,0.0,624.0949,3281.0,0.0,0.0,0.0,0.0,0.0,0.0,0.0,38,0.0,0.0,0.0,0.0,0.0
437,2025-11-17,1,4550.0,0.0,0.0,765.878,4550.0,0.0,0.0,0.0,0.0,0.0,0.0,0.0,37,0.0,0.0,0.0,0.0,0.0
539,2026-02-27,1,6985.0,0.0,0.0,1239.31,6985.0,0.0,0.0,0.0,505.0,0.0,0.0,0.0,40,0.0,0.0,0.0,0.0,0.0
424,2025-11-04,1,2813.0,0.0,0.0,538.3667,2813.0,0.0,0.0,0.0,0.0,0.0,0.0,0.0,25,0.0,0.0,0.0,0.0,0.0
570,2026-03-30,1,4290.0,0.0,0.0,689.55,4290.0,0.0,0.0,0.0,0.0,0.0,0.0,0.0,30,0.0,0.0,0.0,0.0,0.0
343,2025-08-14,1,4914.0,0.0,0.0,998.3395,4914.0,0.0,0.0,0.0,0.0,0.0,0.0,0.0,61,0.0,0.0,0.0,0.0,0.0
503,2026-01-22,1,4829.0,0.0,0.0,943.487,4829.0,0.0,0.0,0.0,0.0,0.0,0.0,0.0,40,0.0,0.0,0.0,0.0,0.0
331,2025-08-02,1,9224.0,0.0,0.0,2013.9604,9224.0,0.0,0.0,0.0,110.0,0.0,0.0,0.0,76,0.0,0.0,0.0,0.0,0.0
390,2025-10-01,1,2290.0,0.0,0.0,627.1715,2290.0,0.0,0.0,0.0,368.0,0.0,0.0,0.0,34,0.0,0.0,0.0,0.0,0.0
513,2026-02-01,1,7788.0,0.0,0.0,1299.295,7788.0,0.0,0.0,0.0,0.0,0.0,0.0,0.0,59,0.0,0.0,0.0,0.0,0.0
470,2025-12-20,1,12581.0,0.0,0.0,2126.6536,12581.0,0.0,0.0,0.0,0.0,0.0,0.0,0.0,70,0.0,0.0,0.0,0.0,0.0
536,2026-02-24,1,1583.0,0.0,0.0,396.27,1363.0,0.0,0.0,220.0,833.0,0.0,0.0,0.0,22,0.0,0.0,0.0,0.0,0.0
425,2025-11-05,1,4857.0,0.0,0.0,924.7767,4857.0,0.0,0.0,0.0,0.0,0.0,0.0,0.0,40,0.0,0.0,0.0,0.0,0.0
369,2025-09-09,1,2080.0,0.0,0.0,536.47,2080.0,0.0,0.0,0.0,0.0,0.0,0.0,0.0,33,0.0,0.0,0.0,0.0,0.0
60,2024-11-04,1,996.0,0.0,0.0,253.13,996.0,0.0,0.0,0.0,0.0,0.0,0.0,0.0,29,0.0,0.0,0.0,0.0,0.0
520,2026-02-08,1,12388.0,0.0,0.0,2191.52,10348.0,0.0,0.0,2328.0,2049.0,288.0,0.0,0.0,71,0.0,0.0,0.0,0.0,0.0
438,2025-11-18,1,3006.0,0.0,0.0,559.736,3006.0,0.0,0.0,0.0,0.0,0.0,0.0,0.0,29,0.0,0.0,0.0,0.0,0.0
555,2026-03-15,1,7883.0,0.0,0.0,1192.1101,7883.0,0.0,0.0,0.0,0.0,0.0,0.0,0.0,45,0.0,0.0,0.0,0.0,0.0
569,2026-03-29,1,9951.0,0.0,0.0,1679.74,9951.0,0.0,0.0,0.0,0.0,0.0,0.0,0.0,64,0.0,0.0,0.0,0.0,0.0
381,2025-09-22,1,2706.0,0.0,0.0,590.73,2706.0,0.0,0.0,0.0,0.0,0.0,0.0,0.0,41,0.0,0.0,0.0,0.0,0.0
571,2026-03-31,1,1504.0,0.0,0.0,334.47,1504.0,0.0,0.0,0.0,0.0,0.0,0.0,0.0,19,0.0,0.0,0.0,0.0,0.0
504,2026-01-23,1,3108.0,0.0,0.0,564.3733,3108.0,0.0,0.0,0.0,200.0,0.0,0.0,0.0,29,0.0,0.0,0.0,0.0,0.0
540,2026-02-28,1,9521.0,0.0,0.0,1649.5051,9361.0,0.0,0.0,270.0,0.0,110.0,0.0,0.0,69,0.0,0.0,0.0,0.0,0.0
61,2024-11-05,1,1807.0,0.0,0.0,428.0269,1807.0,0.0,0.0,0.0,0.0,0.0,0.0,0.0,34,0.0,0.0,0.0,0.0,0.0
370,2025-09-10,1,2727.0,0.0,0.0,513.61,2727.0,0.0,0.0,0.0,0.0,0.0,0.0,0.0,22,0.0,0.0,0.0,0.0,0.0
344,2025-08-15,1,5814.0,0.0,0.0,1237.04,5814.0,0.0,0.0,0.0,0.0,0.0,0.0,0.0,48,0.0,0.0,0.0,0.0,0.0
439,2025-11-19,1,2835.0,0.0,0.0,561.3683,2835.0,0.0,0.0,0.0,0.0,0.0,0.0,0.0,29,0.0,0.0,0.0,0.0,0.0
426,2025-11-06,1,2551.0,0.0,0.0,512.91,2551.0,0.0,0.0,0.0,0.0,0.0,0.0,0.0,36,0.0,0.0,0.0,0.0,0.0
505,2026-01-24,1,9452.0,0.0,0.0,1576.11,9452.0,0.0,0.0,0.0,0.0,0.0,0.0,0.0,37,0.0,0.0,0.0,0.0,0.0
514,2026-02-02,1,3559.0,0.0,0.0,576.93,3559.0,0.0,0.0,0.0,0.0,0.0,0.0,0.0,37,0.0,0.0,0.0,0.0,0.0
332,2025-08-03,1,7923.0,0.0,0.0,1505.5847,7943.0,0.0,0.0,0.0,0.0,20.0,0.0,0.0,61,0.0,0.0,0.0,0.0,0.0
62,2024-11-06,1,1819.0,0.0,0.0,346.63,1819.0,0.0,0.0,0.0,0.0,0.0,0.0,0.0,29,0.0,0.0,0.0,0.0,0.0
471,2025-12-21,1,3208.0,0.0,0.0,599.8648,3208.0,0.0,0.0,0.0,0.0,0.0,0.0,0.0,26,0.0,0.0,0.0,0.0,0.0
440,2025-11-20,1,2590.0,0.0,0.0,524.78,2590.0,0.0,0.0,0.0,0.0,0.0,0.0,0.0,27,0.0,0.0,0.0,0.0,0.0
427,2025-11-07,1,4609.0,0.0,0.0,882.7899,4609.0,0.0,0.0,0.0,0.0,0.0,0.0,0.0,37,0.0,0.0,0.0,0.0,0.0
345,2025-08-16,1,9293.0,0.0,0.0,2081.0056,9293.0,0.0,0.0,0.0,300.0,0.0,0.0,0.0,58,0.0,0.0,0.0,0.0,0.0
521,2026-02-09,1,2581.0,0.0,0.0,556.185,2559.0,0.0,0.0,22.0,0.0,0.0,0.0,0.0,26,0.0,0.0,0.0,0.0,0.0
472,2025-12-22,1,2889.0,0.0,0.0,490.6784,2889.0,0.0,0.0,0.0,0.0,0.0,0.0,0.0,26,0.0,0.0,0.0,0.0,0.0
506,2026-01-25,1,4780.0,0.0,0.0,925.999,5220.0,0.0,0.0,0.0,0.0,440.0,0.0,0.0,40,0.0,0.0,0.0,0.0,0.0
441,2025-11-21,1,4619.0,0.0,0.0,987.6263,4619.0,0.0,0.0,0.0,0.0,0.0,0.0,0.0,36,0.0,0.0,0.0,0.0,0.0
515,2026-02-03,1,1897.0,0.0,0.0,380.987,1897.0,0.0,0.0,0.0,0.0,0.0,0.0,0.0,22,0.0,0.0,0.0,0.0,0.0
428,2025-11-08,1,7596.0,0.0,0.0,1499.51,7596.0,0.0,0.0,0.0,0.0,0.0,0.0,0.0,61,0.0,0.0,0.0,0.0,0.0
473,2025-12-23,1,3800.0,0.0,0.0,662.3736,3800.0,0.0,0.0,0.0,0.0,0.0,0.0,0.0,32,0.0,0.0,0.0,0.0,0.0
346,2025-08-17,1,6909.0,0.0,0.0,1372.9386,6909.0,0.0,0.0,0.0,0.0,0.0,0.0,0.0,50,0.0,0.0,0.0,0.0,0.0
347,2025-08-18,1,3708.0,0.0,0.0,844.8416,3708.0,0.0,0.0,0.0,0.0,0.0,0.0,0.0,43,0.0,0.0,0.0,0.0,0.0
429,2025-11-09,1,4790.0,0.0,0.0,921.3083,4790.0,0.0,0.0,0.0,0.0,0.0,0.0,0.0,45,0.0,0.0,0.0,0.0,0.0
474,2025-12-24,1,8685.0,0.0,0.0,1278.7078,8685.0,0.0,0.0,0.0,0.0,0.0,0.0,0.0,37,0.0,0.0,0.0,0.0,0.0
507,2026-01-26,1,2839.0,0.0,0.0,569.62,2839.0,0.0,0.0,0.0,0.0,0.0,0.0,0.0,30,0.0,0.0,0.0,0.0,0.0
541,2026-03-01,1,6663.0,0.0,0.0,1210.4589,6663.0,0.0,0.0,0.0,120.0,0.0,0.0,0.0,73,0.0,0.0,0.0,0.0,0.0
557,2026-03-17,1,2520.0,0.0,0.0,412.28,2520.0,0.0,0.0,0.0,0.0,0.0,0.0,0.0,21,0.0,0.0,0.0,0.0,0.0
572,2026-04-01,1,3819.0,0.0,0.0,660.56,3647.0,0.0,0.0,172.0,0.0,0.0,0.0,0.0,35,0.0,0.0,0.0,0.0,0.0
583,2026-04-12,1,9504.0,0.0,0.0,2071.8251,9590.0,0.0,0.0,0.0,2607.0,86.0,0.0,0.0,60,0.0,0.0,0.0,0.0,0.0
516,2026-02-04,1,1782.0,0.0,0.0,326.75,1782.0,0.0,0.0,0.0,0.0,0.0,0.0,0.0,24,0.0,0.0,0.0,0.0,0.0
522,2026-02-10,1,2681.0,0.0,0.0,453.595,2212.0,0.0,0.0,573.0,0.0,0.0,104.0,0.0,30,0.0,0.0,0.0,0.0,0.0
348,2025-08-19,1,2442.0,0.0,0.0,522.2,2552.0,0.0,0.0,0.0,0.0,110.0,0.0,0.0,34,0.0,0.0,0.0,0.0,0.0
558,2026-03-18,1,1942.0,0.0,0.0,353.05,1942.0,0.0,0.0,0.0,0.0,0.0,0.0,0.0,18,0.0,0.0,0.0,0.0,0.0
508,2026-01-27,1,3843.0,0.0,0.0,752.515,3843.0,0.0,0.0,0.0,0.0,0.0,0.0,0.0,30,0.0,0.0,0.0,0.0,0.0
475,2025-12-25,1,5366.0,0.0,0.0,727.27,5366.0,0.0,0.0,0.0,0.0,0.0,0.0,0.0,29,0.0,0.0,0.0,0.0,0.0
430,2025-11-10,1,1962.0,0.0,0.0,413.1199,1962.0,0.0,0.0,0.0,0.0,0.0,0.0,0.0,23,0.0,0.0,0.0,0.0,0.0
573,2026-04-02,1,6752.0,0.0,0.0,1135.8633,6510.0,0.0,0.0,242.0,0.0,0.0,0.0,0.0,44,0.0,0.0,0.0,0.0,0.0
559,2026-03-19,1,2926.0,0.0,0.0,484.87,2926.0,0.0,0.0,0.0,0.0,0.0,0.0,0.0,21,0.0,0.0,0.0,0.0,0.0
523,2026-02-11,1,3235.0,0.0,0.0,581.94,2980.0,0.0,0.0,255.0,0.0,0.0,0.0,0.0,26,0.0,0.0,0.0,0.0,0.0
349,2025-08-20,1,2067.0,0.0,0.0,521.7292,2067.0,0.0,0.0,0.0,0.0,0.0,0.0,0.0,41,0.0,0.0,0.0,0.0,0.0
509,2026-01-28,1,4480.0,0.0,0.0,917.7236,4480.0,0.0,0.0,0.0,200.0,0.0,0.0,0.0,34,0.0,0.0,0.0,0.0,0.0
431,2025-11-11,1,2090.0,0.0,0.0,430.2982,2090.0,0.0,0.0,0.0,0.0,0.0,0.0,0.0,27,0.0,0.0,0.0,0.0,0.0
476,2025-12-26,1,1712.0,0.0,0.0,398.8012,1712.0,0.0,0.0,0.0,0.0,0.0,0.0,0.0,28,0.0,0.0,0.0,0.0,0.0
542,2026-03-02,1,3828.0,0.0,0.0,670.1911,3609.0,0.0,0.0,219.0,232.0,0.0,0.0,0.0,32,0.0,0.0,0.0,0.0,0.0
584,2026-04-13,1,2609.0,0.0,0.0,502.08,2609.0,0.0,0.0,0.0,0.0,0.0,0.0,0.0,34,0.0,0.0,0.0,0.0,0.0
574,2026-04-03,1,8320.0,0.0,0.0,1400.01,8227.0,0.0,0.0,93.0,0.0,0.0,0.0,0.0,42,0.0,0.0,0.0,0.0,0.0
477,2025-12-27,1,7040.0,0.0,0.0,1259.2386,7040.0,0.0,0.0,0.0,0.0,0.0,0.0,0.0,51,0.0,0.0,0.0,0.0,0.0
350,2025-08-21,1,3719.0,0.0,0.0,774.3,3719.0,0.0,0.0,0.0,0.0,0.0,0.0,0.0,39,0.0,0.0,0.0,0.0,0.0
510,2026-01-29,1,2602.0,0.0,0.0,586.77,2602.0,0.0,0.0,0.0,0.0,0.0,0.0,0.0,23,0.0,0.0,0.0,0.0,0.0
543,2026-03-03,1,2548.0,0.0,0.0,481.9194,2548.0,0.0,0.0,0.0,109.0,0.0,0.0,0.0,27,0.0,0.0,0.0,0.0,0.0
585,2026-04-14,1,659.0,0.0,0.0,120.9033,659.0,0.0,0.0,0.0,0.0,0.0,0.0,0.0,11,0.0,0.0,0.0,0.0,0.0
351,2025-08-22,1,4148.0,0.0,0.0,947.26,4148.0,0.0,0.0,0.0,0.0,0.0,0.0,0.0,47,0.0,0.0,0.0,0.0,0.0
575,2026-04-04,1,10156.0,0.0,0.0,1755.58,9872.0,0.0,0.0,284.0,0.0,0.0,0.0,0.0,60,0.0,0.0,0.0,0.0,0.0
478,2025-12-28,1,7206.0,0.0,226.0,1341.8929,5036.0,834.0,0.0,1808.0,1808.0,472.0,0.0,0.0,46,0.0,0.0,0.0,0.0,0.0
544,2026-03-04,1,2873.0,0.0,0.0,521.92,2873.0,0.0,0.0,0.0,0.0,0.0,0.0,0.0,31,0.0,0.0,0.0,0.0,0.0
352,2025-08-23,1,7844.0,0.0,0.0,1819.9378,7844.0,0.0,0.0,0.0,0.0,0.0,0.0,0.0,59,0.0,0.0,0.0,0.0,0.0
576,2026-04-05,1,10436.0,0.0,0.0,1775.6,10028.0,0.0,0.0,408.0,0.0,0.0,0.0,0.0,74,0.0,0.0,0.0,0.0,0.0
479,2025-12-29,1,2277.0,0.0,0.0,415.7422,2277.0,0.0,0.0,0.0,0.0,0.0,0.0,0.0,27,0.0,0.0,0.0,0.0,0.0
480,2025-12-30,1,1874.0,0.0,0.0,345.6111,1777.0,0.0,0.0,97.0,0.0,0.0,0.0,0.0,18,0.0,0.0,0.0,0.0,0.0
353,2025-08-24,1,10564.0,0.0,0.0,2194.03,10564.0,0.0,0.0,0.0,0.0,0.0,0.0,0.0,70,0.0,0.0,0.0,0.0,0.0
481,2025-12-31,1,14471.0,0.0,0.0,2169.96,14471.0,0.0,0.0,0.0,0.0,0.0,0.0,0.0,61,0.0,0.0,0.0,0.0,0.0
577,2026-04-06,1,1558.0,0.0,0.0,244.1797,1233.0,0.0,0.0,325.0,0.0,0.0,0.0,0.0,20,0.0,0.0,0.0,0.0,0.0
578,2026-04-07,1,2669.0,0.0,0.0,538.9433,3035.0,0.0,0.0,0.0,0.0,0.0,366.0,0.0,28,0.0,0.0,0.0,0.0,0.0
354,2025-08-25,1,3044.0,0.0,0.0,670.8595,3044.0,0.0,0.0,0.0,0.0,0.0,0.0,0.0,39,0.0,0.0,0.0,0.0,0.0
482,2026-01-01,1,5165.0,0.0,0.0,873.669,5165.0,0.0,0.0,0.0,0.0,0.0,0.0,0.0,30,0.0,0.0,0.0,0.0,0.0
579,2026-04-08,1,4491.0,0.0,0.0,815.61,4491.0,0.0,0.0,0.0,0.0,0.0,0.0,0.0,39,0.0,0.0,0.0,0.0,0.0
483,2026-01-02,1,1721.0,0.0,0.0,333.4417,1721.0,0.0,0.0,0.0,0.0,0.0,0.0,0.0,22,0.0,0.0,0.0,0.0,0.0
355,2025-08-26,1,2469.0,0.0,0.0,552.0,2469.0,0.0,0.0,0.0,0.0,0.0,0.0,0.0,32,0.0,0.0,0.0,0.0,0.0
484,2026-01-03,1,3095.0,0.0,0.0,562.23,3095.0,0.0,0.0,0.0,0.0,0.0,0.0,0.0,26,0.0,0.0,0.0,0.0,0.0
356,2025-08-27,1,3797.0,0.0,0.0,794.0594,3797.0,0.0,0.0,0.0,0.0,0.0,0.0,0.0,39,0.0,0.0,0.0,0.0,0.0
485,2026-01-04,1,5878.0,0.0,0.0,1141.88,5878.0,0.0,0.0,0.0,0.0,0.0,0.0,0.0,50,0.0,0.0,0.0,0.0,0.0
580,2026-04-09,1,4212.0,0.0,0.0,851.035,4122.0,0.0,0.0,90.0,500.0,0.0,0.0,0.0,36,0.0,0.0,0.0,0.0,0.0
357,2025-08-28,1,4498.0,0.0,10.0,1048.6156,4498.0,0.0,0.0,0.0,0.0,0.0,0.0,0.0,53,0.0,0.0,0.0,0.0,0.0
486,2026-01-05,1,3379.0,0.0,0.0,620.77,3379.0,0.0,0.0,0.0,0.0,0.0,0.0,0.0,32,0.0,0.0,0.0,0.0,0.0
358,2025-08-29,1,4440.0,0.0,0.0,911.29,4440.0,0.0,0.0,0.0,0.0,0.0,0.0,0.0,43,0.0,0.0,0.0,0.0,0.0
487,2026-01-06,1,2284.0,0.0,0.0,501.7681,2284.0,0.0,0.0,0.0,0.0,0.0,0.0,0.0,31,0.0,0.0,0.0,0.0,0.0
359,2025-08-30,1,13463.0,0.0,0.0,3161.2191,13463.0,0.0,0.0,0.0,200.0,0.0,0.0,0.0,95,0.0,0.0,0.0,0.0,0.0
488,2026-01-07,1,3191.0,0.0,0.0,697.02,3191.0,0.0,0.0,0.0,0.0,0.0,0.0,0.0,31,0.0,0.0,0.0,0.0,0.0
489,2026-01-08,1,2389.0,0.0,0.0,469.33,1943.0,0.0,0.0,446.0,221.0,0.0,0.0,0.0,22,0.0,0.0,0.0,0.0,0.0
490,2026-01-09,1,4181.0,0.0,0.0,835.2901,4225.0,0.0,0.0,0.0,0.0,44.0,0.0,0.0,33,0.0,0.0,0.0,0.0,0.0
491,2026-01-10,1,5491.0,0.0,0.0,936.775,5491.0,0.0,0.0,0.0,0.0,0.0,0.0,0.0,36,0.0,0.0,0.0,0.0,0.0
360,2025-08-31,1,10877.0,0.0,0.0,2182.89,10877.0,0.0,0.0,0.0,0.0,0.0,0.0,0.0,59,0.0,0.0,0.0,0.0,0.0
492,2026-01-11,1,4819.8334,0.0,0.0,945.3434,4819.8334,0.0,0.0,0.0,0.0,0.0,0.0,0.0,51,0.0,0.0,0.0,0.0,0.0
361,2025-09-01,1,4488.0,0.0,0.0,1331.73,4488.0,0.0,0.0,0.0,2500.0,0.0,0.0,0.0,42,0.0,0.0,0.0,0.0,0.0
493,2026-01-12,1,2373.0,0.0,0.0,428.835,2373.0,0.0,0.0,0.0,0.0,0.0,0.0,0.0,21,0.0,0.0,0.0,0.0,0.0
362,2025-09-02,1,3563.0,0.0,0.0,685.1395,3563.0,0.0,0.0,0.0,0.0,0.0,0.0,0.0,34,0.0,0.0,0.0,0.0,0.0
494,2026-01-13,1,1798.0,0.0,0.0,412.31,1798.0,0.0,0.0,0.0,0.0,0.0,0.0,0.0,22,0.0,0.0,0.0,0.0,0.0
495,2026-01-14,1,2039.0,0.0,0.0,413.75,2039.0,0.0,0.0,0.0,0.0,0.0,0.0,0.0,29,0.0,0.0,0.0,0.0,0.0
496,2026-01-15,1,2685.0,0.0,0.0,486.72,2685.0,0.0,0.0,0.0,0.0,0.0,0.0,0.0,26,0.0,0.0,0.0,0.0,0.0
497,2026-01-16,1,6069.0,0.0,0.0,1106.8901,6069.0,0.0,0.0,0.0,0.0,0.0,0.0,0.0,34,0.0,0.0,0.0,0.0,0.0
