ID,CODIGO,DESCRIPCION,TVENTA,PCOSTO,PVENTA,DEPT,PROVID,UMEDIDA,MAYOREO,IPRIORIDAD,DINVENTARIO,DINVMINIMO,DINVMAXIMO,CHECADO_EN,PORCENTAJE_GANANCIA,IMPUESTOS,PVENTA_ANTERIOR,PCOSTO_ANTERIOR,PMAYOREO_ANTERIOR,MEDIDA_ID,PFINAL,PMAYOREOFINAL,ES_KIT,USA_INVENTARIO,ELIMINADO_EN
1,1-ESETYzCUmoKftioPQD,Coca Cola 3L,U,100.0,120.0,1,-1,256372512,0.0,,,0.0,0.0,,20.0,,0.0,0.0,0.0,1,120.0,0.0,f,f,2024-10-02 19:40:14
2,7503023578301-AMLfZg,Brandy Compadre,U,30.0,60.0,1,-1,349917664,0.0,,,4.0,10.0,2024-09-14,100.0,,0.0,0.0,0.0,1,60.0,0.0,f,t,2024-09-14 14:46:49
99,CRONCHO,Bolsa Croncho,U,6.0,15.0,11,-1,295820032,0.0,,,0.0,0.0,2025-07-04,150.0,,18.67,3.5,0.0,1,15.0,0.0,f,t,
100,BORRACHITO,Borrachito,U,1.25,3.0,12,-1,295820032,0.0,,,0.0,0.0,,140.0,,0.0,0.0,0.0,1,3.0,0.0,f,t,
4,7503001506128,Mezcalito,U,20.5,25.0,5,-1,339912160,0.0,,,0.0,0.0,2025-12-27,21.951,,20.0,13.35,0.0,1,25.0,0.0,f,t,
5,7503023578295,Brandy Don Pedro,U,38.0,50.0,5,-1,339912160,0.0,,,0.0,0.0,2024-09-14,31.579,,0.0,0.0,0.0,1,50.0,0.0,f,t,
3,7503023578301,Brandy Presidente 200ml,U,35.06,47.0,5,-1,342971360,0.0,,,0.0,0.0,2024-09-14,34.06,,0.0,0.0,0.0,1,47.0,0.0,f,t,
6,5410316950527,Smirnoff Tamarindo,U,230.0,290.0,5,-1,339912160,290.0,,,0.0,0.0,2026-02-22,26.09,,250.0,204.0,0.0,1,290.0,290.0,f,t,
101,724869002295,Cacahuate Japones De La Rosa,U,4.04,8.0,11,-1,295820032,0.0,,,0.0,0.0,,98.02,,0.0,0.0,0.0,1,8.0,0.0,f,t,
102,MAZA,Mazapan De La Rosa,U,5.58,10.0,12,-1,295820032,0.0,,,0.0,0.0,,79.212,,0.0,0.0,0.0,1,10.0,0.0,f,t,
103,724869055550,Chocolate Nugs,U,4.42,8.0,12,-1,295820032,0.0,,,0.0,0.0,,80.996,,0.0,0.0,0.0,1,8.0,0.0,f,t,
7,50196135,Whisky Black&White,U,193.0,265.0,5,-1,339912160,300.0,,,0.0,0.0,,37.306,,0.0,0.0,0.0,1,265.0,300.0,f,t,
8,749787600163,Tequila Cabrito,U,160.0,190.0,5,-1,339912160,195.0,,,0.0,0.0,,18.75,,185.0,0.0,210.0,1,190.0,195.0,f,t,
9,20,Caja Cigarros Pall Mall,U,90.0,97.0,6,-1,339912160,103.0,,,0.0,0.0,2026-01-05,7.78,,85.0,75.0,90.0,1,97.0,103.0,t,t,
10,CSP,Cigarro Suelto Pall Mall,U,4.5,9.0,6,-1,339912160,0.0,,,0.0,0.0,2026-01-05,100.0,,8.0,3.75,0.0,1,9.0,0.0,f,t,
11,7503034941774,Bote Pacifico Suave 410ml,U,17.25,22.0,7,-1,339912160,28.0,,,0.0,0.0,2025-12-19,27.536,,25.0,16.0,0.0,1,22.0,28.0,f,t,
12,6PS4,6 Bote Suave 410,U,103.5,125.0,7,-1,339912160,135.0,,,0.0,0.0,2025-12-19,20.77,,120.0,96.0,130.0,1,125.0,135.0,t,t,
13,7501064103100,Cuartito Corona Extra,U,9.04,12.0,8,-1,339912160,14.0,,,0.0,0.0,2025-12-18,32.743,,11.0,8.0,0.0,1,12.0,14.0,f,t,
14,24CCE,24 Cuartito Corona Extra,U,217.0,250.0,8,-1,339912160,250.0,,,0.0,0.0,2025-12-18,15.21,,230.0,192.0,0.0,1,250.0,250.0,t,t,
15,7501064199325,Media Pacifico Suave,U,16.66,22.0,8,-1,339912160,24.0,,,0.0,0.0,,32.053,,0.0,0.0,0.0,1,22.0,24.0,f,t,
16,24MPS,24 Media Pacifico Suave,U,399.84,430.0,8,-1,339912160,450.0,,,0.0,0.0,,7.54,,0.0,0.0,0.0,1,430.0,450.0,t,t,
17,7501064101410,Media Corona Extra,U,13.48,20.0,8,-1,339912160,22.0,,,0.0,0.0,2025-12-18,48.368,,19.0,13.0,0.0,1,20.0,22.0,f,t,
18,24MCE,24 Media Corona Extra,U,323.5,400.0,8,-1,339912160,420.0,,,0.0,0.0,2025-12-18,23.65,,420.0,312.0,430.0,1,400.0,420.0,t,t,
19,7501064199387,Bote Pacifico Suave 355,U,16.5,20.0,7,-1,339912160,22.0,,,0.0,0.0,2026-02-08,21.212,,0.0,15.17,0.0,1,20.0,22.0,f,t,
20,6PSB,6 Pacifico Suave Bote 355,U,101.74,120.0,7,-1,339912160,130.0,,,0.0,0.0,2026-03-09,17.95,,115.0,99.0,120.0,1,120.0,130.0,t,t,
21,8PSB,8 Pacifico Suave Bote 355,U,135.6,153.0,7,-1,339912160,160.0,,,0.0,0.0,2026-03-09,12.83,,145.0,132.0,150.0,1,153.0,160.0,t,t,
22,7501064113024,Ballena Corona Familiar,U,35.41,43.0,9,-1,339912160,45.0,,,0.0,0.0,2025-12-18,21.435,,40.0,32.25,0.0,1,43.0,45.0,f,t,
23,7501064118029,Ballena Pacifico Amarilla,U,35.2,43.0,9,-1,339912160,45.0,,,0.0,0.0,2025-12-18,22.159,,40.0,33.7,43.0,1,43.0,45.0,f,t,
24,7501064191848,Ballenon Pacifico Amarilla,U,39.08,48.0,9,-1,339912160,50.0,,,0.0,0.0,2025-12-19,22.825,,46.0,36.0,0.0,1,48.0,50.0,f,t,
25,75026974,Cuartito Pacifico Amarillo,U,8.66,11.0,8,-1,339912160,13.0,,,0.0,0.0,2025-12-18,27.021,,0.0,7.91,0.0,1,11.0,13.0,f,t,
26,7501064193460,Media Pacifico Amarilla,U,13.91,20.0,8,-1,339912160,22.0,,,0.0,0.0,2025-12-18,43.782,,22.0,14.58,0.0,1,20.0,22.0,f,t,
27,24MPC,24 Media Pacifico Clara,U,334.0,408.0,8,-1,339912160,440.0,,,0.0,0.0,2025-12-18,22.16,,420.0,326.88,0.0,1,408.0,440.0,t,t,
28,24CPC,24 Cuartito Pacifico Clara,U,208.0,255.0,8,-1,339912160,245.0,,,0.0,0.0,2025-12-18,22.6,,250.0,189.84,240.0,1,255.0,245.0,t,t,
29,7503024460865,Bote Pacifico Amarillo 410ml,U,12.7,22.0,7,-1,339912160,28.0,,,0.0,0.0,2025-12-18,73.228,,25.0,12.79,0.0,1,22.0,28.0,f,t,
30,6PAB4,6 Pacifico Amarilla Bote 410,U,76.74,105.0,7,-1,339912160,115.0,,,0.0,0.0,2026-01-03,36.83,,100.0,0.0,105.0,1,105.0,115.0,t,t,
31,75034566,Cuartito Pacifico Light,U,8.95,11.0,8,-1,339912160,12.0,,,0.0,0.0,2025-12-18,22.91,,0.0,7.9,0.0,1,11.0,12.0,f,t,
32,24CPL,24 Cuartito Pacifico Light,U,213.0,260.0,8,-1,339912160,275.0,,,0.0,0.0,2025-12-18,22.07,,230.0,189.84,240.0,1,260.0,275.0,t,t,
33,7503044233302,Bote Corona Golden Light,U,12.87,20.0,7,-1,339912160,22.0,,,0.0,0.0,2025-12-18,55.4,,0.0,11.37,0.0,1,20.0,22.0,f,t,
34,6BCGL,6 Bote Corona Golden Light,U,77.22,95.0,7,-1,339912160,110.0,,,0.0,0.0,2025-12-18,23.03,,100.0,74.5,0.0,1,95.0,110.0,t,t,
35,8BCGL,8 Bote Corona Golden Light,U,99.33,120.0,7,-1,339912160,130.0,,,0.0,0.0,2025-10-14,20.81,,130.0,91.0,140.0,1,120.0,130.0,t,t,
36,7501064190452,Bote Pacifico Light,U,12.12,20.0,7,-1,339912160,22.0,,,0.0,0.0,2026-04-08,65.017,,20.83,10.62,0.0,1,20.0,22.0,f,t,
37,6PLB,6 Pacifico Light Bote,U,75.24,94.0,7,-1,339912160,100.0,,,0.0,0.0,2026-03-09,24.93,,90.0,72.75,0.0,1,94.0,100.0,t,t,
38,8PLB,8 Pacifico Light Bote,U,98.33,113.0,7,-1,339912160,125.0,,,0.0,0.0,2026-03-17,14.92,,115.0,100.33,120.0,1,113.0,125.0,t,t,
104,7501064199615,Bote Pacifico Amarillo,U,12.73,20.0,7,-1,295820032,22.0,,,0.0,0.0,2025-12-18,57.109,,0.0,11.25,0.0,1,20.0,22.0,f,t,
105,6BPA,6 Bote Pacifico Amarilla,U,81.76,97.0,7,-1,295820032,105.0,,,0.0,0.0,2026-03-09,18.64,,90.0,76.38,100.0,1,97.0,105.0,t,t,
39,7503034941316,Bote Corona,U,12.87,20.0,7,-1,339912160,22.0,,,0.0,0.0,2025-12-18,55.4,,0.0,11.37,0.0,1,20.0,22.0,f,t,
40,6BCL,6 Bote Corona,U,83.49,98.0,7,-1,339912160,95.0,,,0.0,0.0,2026-03-09,17.38,,100.0,77.25,0.0,1,98.0,95.0,t,t,
41,7501064193873,Bote Bud Light,U,10.6,18.0,7,-1,339912160,20.0,,,0.0,0.0,2025-12-18,69.811,,17.0,11.33,18.0,1,18.0,20.0,f,t,
42,6BBL,6 Bote Bud Light,U,63.6,75.0,7,-1,339912160,90.0,,,0.0,0.0,2025-12-18,17.92,,77.0,58.99,100.0,1,75.0,90.0,t,t,
43,7503024460018,Bote Corona Cero,U,11.54,20.0,7,-1,339912160,22.0,,,0.0,0.0,2025-12-18,73.31,,0.0,13.54,0.0,1,20.0,22.0,f,t,
44,6BCC,6 Bote Corona Cero,U,69.25,85.0,7,-1,339912160,100.0,,,0.0,0.0,2025-10-14,22.74,,100.0,81.24,110.0,1,85.0,100.0,t,t,
45,7503024460179,Mofle Corona Light 710,U,28.33,37.0,7,-1,339912160,40.0,,,0.0,0.0,,30.604,,0.0,0.0,0.0,1,37.0,40.0,f,t,
46,7501064198878,Mofle Bud Light 710,U,29.25,38.0,7,-1,339912160,40.0,,,0.0,0.0,2026-03-29,29.91,,35.0,0.0,38.0,1,38.0,40.0,f,t,
47,7501064191855,Ballenon Pacifico Light,U,38.16,48.0,9,-1,339912160,50.0,,,0.0,0.0,2025-12-18,25.786,,46.0,36.6,0.0,1,48.0,50.0,f,t,
48,7501064190483,Ballena Pacifico Light,U,35.41,43.0,9,-1,339912160,47.0,,,0.0,0.0,2025-12-18,21.435,,40.0,32.86,43.0,1,43.0,47.0,f,t,
49,7503044233463,Ballenon Corona Golden Light,U,38.16,47.0,9,-1,339912160,50.0,,,0.0,0.0,2025-12-18,23.166,,46.0,36.41,0.0,1,47.0,50.0,f,t,
50,7503024460490,Bote Modelo Especial,U,15.29,20.0,7,-1,339912160,22.0,,,0.0,0.0,2025-12-18,30.804,,0.0,14.58,0.0,1,20.0,22.0,f,t,
51,6BME,6 Bote Modelo Especial,U,98.25,115.0,7,-1,339912160,125.0,,,0.0,0.0,2026-03-09,17.05,,110.0,91.7,120.0,1,115.0,125.0,t,t,
52,8BME,8 Bote Modelo Especial,U,131.0,150.0,7,-1,339912160,160.0,,,0.0,0.0,2026-03-17,14.5,,145.0,122.3,155.0,1,150.0,160.0,t,t,
53,75027278,Media Modelo Especial,U,17.75,23.0,8,-1,339912160,25.0,,,0.0,0.0,2025-12-18,29.578,,22.0,0.0,0.0,1,23.0,25.0,f,t,
54,75027285,Media Modelo Negra,U,18.5,24.0,8,-1,339912160,27.0,,,0.0,0.0,,29.73,,23.0,0.0,25.0,1,24.0,27.0,f,t,
55,7503024460070,Ballenon Negra Modelo,U,38.25,48.0,9,-1,339912160,50.0,,,0.0,0.0,,25.49,,45.0,0.0,0.0,1,48.0,50.0,f,t,
56,7501064198519,Ballenon Modelo Especial,U,39.0,48.0,9,-1,339912160,53.0,,,0.0,0.0,2025-12-18,23.077,,45.0,35.16,50.0,1,48.0,53.0,f,t,
57,7501064191886,Laton Modelo Especial 410,U,17.25,25.0,7,-1,339912160,28.0,,,0.0,0.0,2025-12-18,44.928,,28.0,17.69,32.0,1,25.0,28.0,f,t,
58,7503024460889,Mofle Modelo Especial,U,33.91,42.0,7,-1,339912160,43.0,,,0.0,0.0,2025-12-18,23.857,,40.0,33.0,0.0,1,42.0,43.0,f,t,
106,8BPA,8 Bote Pacifico Amarilla,U,109.0,125.0,7,-1,295820032,135.0,,,0.0,0.0,2026-03-17,14.68,,118.0,103.5,125.0,1,125.0,135.0,t,t,
107,7503031287189,Chocolatinas,U,7.79,10.0,12,-1,295820032,0.0,,,0.0,0.0,,28.37,,0.0,0.0,0.0,1,10.0,0.0,f,t,
59,7501064194504,Bote Ultra 355,U,14.58,20.0,7,-1,339912160,25.0,,,0.0,0.0,2025-12-18,37.174,,22.0,13.7,0.0,1,20.0,25.0,f,t,
60,6BU,6 Bote Ultra 355,U,92.49,110.0,7,-1,339912160,115.0,,,0.0,0.0,2026-03-09,18.93,,105.0,87.49,130.0,1,110.0,115.0,t,t,
61,7503034941347,Cuartito Ultra,U,11.83,15.0,8,-1,339912160,18.0,,,0.0,0.0,,26.796,,0.0,0.0,0.0,1,15.0,18.0,f,t,
62,24CU,24 Cuartito Ultra,U,283.92,320.0,8,-1,339912160,340.0,,,0.0,0.0,,12.71,,0.0,0.0,0.0,1,320.0,340.0,t,t,
63,7501064199301,Laton Ultra,U,19.45,29.0,7,-1,339912160,32.0,,,0.0,0.0,,49.1,,28.0,0.0,0.0,1,29.0,32.0,f,t,
64,6CU,6 Cuartito Ultra,U,70.98,80.0,8,-1,339912160,90.0,,,0.0,0.0,,12.71,,0.0,0.0,0.0,1,80.0,90.0,t,t,
65,7503024460896,Mofle Ultra,U,32.16,40.0,7,-1,339912160,0.0,,,0.0,0.0,2025-12-18,24.378,,0.0,31.33,0.0,1,40.0,0.0,f,t,
66,7501064199141,Media Stella Artois,U,20.91,26.0,8,-1,339912160,25.0,,,0.0,0.0,2025-07-31,24.342,,23.0,0.0,0.0,1,26.0,25.0,f,t,
67,7501064198168,Media Ultra,U,14.56,20.0,8,-1,339912160,22.0,,,0.0,0.0,2025-12-18,37.363,,0.0,13.83,0.0,1,20.0,22.0,f,t,
68,6MU,6 Media Ultra,U,90.49,110.0,8,-1,339912160,115.0,,,0.0,0.0,2026-03-09,21.56,,105.0,87.49,120.0,1,110.0,115.0,t,t,
69,7503034941361,Ballena Ultra,U,34.0,44.0,9,-1,339912160,50.0,,,0.0,0.0,,29.412,,53.0,0.0,58.0,1,44.0,50.0,f,t,
70,7501064199172,Ballena Stella Artois,U,44.41,53.0,9,-1,339912160,58.0,,,0.0,0.0,,19.34,,0.0,0.0,0.0,1,53.0,58.0,f,t,
71,75030575,Media Barrilito,U,12.13,16.0,8,-1,339912160,18.0,,,0.0,0.0,2025-12-18,31.904,,15.0,12.33,17.0,1,16.0,18.0,f,t,
72,6MB,6 Media Barrilito,U,72.78,88.0,8,-1,339912160,95.0,,,0.0,0.0,2025-12-18,20.91,,85.0,72.75,0.0,1,88.0,95.0,t,t,
73,7503044233616,Laton Vicky Sabores,U,20.29,30.0,7,-1,339912160,35.0,,,0.0,0.0,2025-12-18,47.856,,35.0,19.0,38.0,1,30.0,35.0,f,t,
74,744607840804,Bote New Mix Paloma,U,20.5,25.0,7,-1,339912160,28.0,,,0.0,0.0,,21.951,,0.0,0.0,0.0,1,25.0,28.0,f,t,
75,744607002691,Laton New Mix Paloma,U,25.5,30.0,7,-1,339912160,33.0,,,0.0,0.0,,17.647,,0.0,0.0,0.0,1,30.0,33.0,f,t,
76,7503024460483,Bote Victoria 330ml,U,12.88,20.0,7,-1,339912160,22.0,,,0.0,0.0,2025-12-18,55.28,,0.0,11.0,0.0,1,20.0,22.0,f,t,
77,6BV,6 Bote Victoria 330ml,U,83.0,98.0,7,-1,339912160,95.0,,,0.0,0.0,2026-03-09,18.07,,90.0,77.25,0.0,1,98.0,95.0,t,t,
78,7501064115400,Media Corona Golden,U,12.7,19.0,8,-1,339912160,22.0,,,0.0,0.0,2025-07-04,49.606,,0.0,0.0,0.0,1,19.0,22.0,f,t,
79,24MV,24 Media Victoria,U,304.8,420.0,8,-1,339912160,430.0,,,0.0,0.0,,37.8,,0.0,0.0,0.0,1,420.0,430.0,t,t,
80,7501064194146,Mofle Victoria,U,28.41,38.0,7,-1,339912160,42.0,,,0.0,0.0,,33.756,,0.0,0.0,0.0,1,38.0,42.0,f,t,
81,7501064191909,Ballenon Victoria,U,36.41,45.0,9,-1,339912160,50.0,,,0.0,0.0,,23.592,,0.0,0.0,0.0,1,45.0,50.0,f,t,
82,7501053670569,Vina Real Sabores,U,19.84,27.0,5,-1,339912160,30.0,,,0.0,0.0,,36.089,,0.0,0.0,0.0,1,27.0,30.0,f,t,
83,6648040012900,Sky Vodka Sabores,U,25.85,32.0,5,-1,339912160,35.0,,,0.0,0.0,2025-12-24,23.791,,32.5,25.8462,0.0,1,32.0,35.0,f,t,
84,7501032485030,Caribe Cooler Sabores,U,21.83,28.0,5,-1,339912160,32.0,,,0.0,0.0,,28.264,,0.0,0.0,0.0,1,28.0,32.0,f,t,
85,7501058615565,Agua Nestle 500ml,U,4.62,7.0,10,-1,339912160,0.0,,,0.0,0.0,2025-07-04,51.515,,0.0,0.0,0.0,1,7.0,0.0,f,t,
86,7501059215764,Agua Nestle 1L,U,7.0,12.0,10,-1,339912160,0.0,,,0.0,0.0,,71.429,,0.0,0.0,0.0,1,12.0,0.0,f,t,
87,7501125104268,Electrolit Sabores,U,18.19,25.0,10,-1,339912160,0.0,,,0.0,0.0,,37.438,,0.0,0.0,0.0,1,25.0,0.0,f,t,
88,7506192507349,Amper,U,14.87,21.0,10,-1,339912160,0.0,,,0.0,0.0,2025-03-06,41.224,,20.0,14.8726,0.0,1,21.0,0.0,f,t,
89,7503027753650,Volt,U,14.0,23.0,10,-1,339912160,0.0,,,0.0,0.0,2025-03-08,64.286,,19.0,0.0,0.0,1,23.0,0.0,f,t,
90,7501059200777,Agua Nestle 1.5L,U,9.03,15.0,10,-1,339912160,0.0,,,0.0,0.0,,66.113,,0.0,0.0,0.0,1,15.0,0.0,f,t,
91,7501059200012-GkZQEw,Agua Sta. Maria 1.5lt,U,9.41,15.0,10,-1,339912160,0.0,,,0.0,0.0,2025-07-04,59.405,,0.0,0.0,0.0,1,15.0,0.0,f,t,2025-07-04 13:11:43
108,7432354,BubuLubu Ricolino 35g,U,8.2603,12.0,12,-1,295820032,0.0,,,0.0,0.0,2025-03-07,45.273,,11.0,0.0,0.0,1,12.0,0.0,f,t,
109,7501030426264,Pikaros Ricolino 16,U,2.72,5.0,12,-1,295820032,0.0,,,0.0,0.0,,83.824,,0.0,0.0,0.0,1,5.0,0.0,f,t,
92,PIPA,Pipa Cristal,U,20.0,40.0,6,-1,339912160,45.0,,,0.0,0.0,,100.0,,0.0,0.0,0.0,1,40.0,45.0,f,t,
93,30,Caja Cigarros Eco,U,31.0,40.0,6,-1,339912160,43.0,,,0.0,0.0,2026-01-03,29.03,,0.0,27.0,0.0,1,40.0,43.0,t,t,
94,CSE,Cigarro Suelto Eco,U,1.55,4.0,6,-1,339912160,5.0,,,0.0,0.0,2026-01-03,158.065,,5.0,1.4589,0.0,1,4.0,5.0,f,t,
95,AGS,Aguas De Sabores,U,13.0,20.0,10,-1,339912160,0.0,,,0.0,0.0,2025-07-27,53.846,,18.57,0.0,0.0,1,20.0,0.0,f,t,
96,PRECO-LtrqKgnRNbetNH,Promo 2x8 Eco,U,2.7,8.0,6,-1,339912160,0.0,,,0.0,0.0,2024-09-16,196.3,,4.0,0.0,0.0,1,8.0,0.0,t,t,2025-04-14 22:19:24
97,8348100025670,Encendedor Eco,U,5.0,10.0,6,-1,339912160,0.0,,,0.0,0.0,,100.0,,0.0,0.0,0.0,1,10.0,0.0,f,t,
98,3086123397859,Encendedor Bic,U,16.6399,30.0,6,-1,339912160,0.0,,,0.0,0.0,,80.29,,32.0,0.0,0.0,1,30.0,0.0,f,t,
110,7503030374552,Paleta Tarrito,U,1.98,4.0,12,-1,295820032,0.0,,,0.0,0.0,,102.02,,0.0,0.0,0.0,1,4.0,0.0,f,t,
111,75043360,Chicloso,U,1.16,3.0,12,-1,295820032,0.0,,,0.0,0.0,,158.621,,0.0,0.0,0.0,1,3.0,0.0,f,t,
112,CHUT,Chutazos,U,3.85,5.0,12,-1,295820032,0.0,,,0.0,0.0,,29.87,,0.0,0.0,0.0,1,5.0,0.0,f,t,
113,5000299628355,Ballantines Wild Berry,U,264.06,340.0,5,-1,295820032,0.0,,,0.0,0.0,,28.76,,0.0,0.0,0.0,1,340.0,0.0,f,t,
114,7312040553006,Absolut Smoky Piña,U,209.3,320.0,5,-1,295820032,340.0,,,0.0,0.0,2025-05-23,52.891,,0.0,0.0,0.0,1,320.0,340.0,f,t,
115,7640175660437,Tequila Cazadores,U,258.3,340.0,5,-1,295820032,350.0,,,0.0,0.0,,31.63,,0.0,0.0,0.0,1,340.0,350.0,f,t,
116,5000267190525,Etiqueta Dorada,U,335.3,480.0,5,-1,295820032,500.0,,,0.0,0.0,,43.16,,0.0,0.0,0.0,1,480.0,500.0,f,t,
117,736040011064,Hpnotiq,U,552.0,780.0,5,-1,295820032,780.0,,,0.0,0.0,2025-12-28,41.304,,750.0,0.0,850.0,1,780.0,780.0,f,t,
118,7312040017010,Vodka Absolut ,U,218.41,355.0,5,-1,295820032,375.0,,,0.0,0.0,,62.54,,0.0,0.0,0.0,1,355.0,375.0,f,t,
119,7610113001387,Ron Bacardi 8,U,594.3,850.0,5,-1,295820032,870.0,,,0.0,0.0,,43.025,,0.0,0.0,0.0,1,850.0,870.0,f,t,
120,5011013100156,Baileys,U,283.5,450.0,5,-1,295820032,460.0,,,0.0,0.0,,58.73,,0.0,0.0,0.0,1,450.0,460.0,f,t,
121,5000299626238,Chivas Regal 13,U,685.8,1100.0,5,-1,295820032,1150.0,,,0.0,0.0,,60.397,,0.0,0.0,0.0,1,1100.0,1150.0,f,t,
122,8000570435402,Vino Espumoso Martini,U,360.5,520.0,5,-1,295820032,540.0,,,0.0,0.0,,44.24,,0.0,0.0,0.0,1,520.0,540.0,f,t,
123,X002UNJ6PL,Vino Tinto Toro Piedra,U,379.0,440.0,5,-1,295820032,450.0,,,0.0,0.0,,16.095,,0.0,0.0,0.0,1,440.0,450.0,f,t,
124,B0029Z900K,Ballantines Finest,U,215.4,320.0,5,-1,295820032,335.0,,,0.0,0.0,,48.56,,0.0,0.0,0.0,1,320.0,335.0,f,t,
125,5000281003160,Old Parr,U,591.5,850.0,5,-1,295820032,870.0,,,0.0,0.0,,43.703,,0.0,0.0,0.0,1,850.0,870.0,f,t,
126,721733005895,Tequila Patron Reposado,U,507.5,850.0,5,-1,295820032,860.0,,,0.0,0.0,,67.488,,0.0,0.0,0.0,1,850.0,860.0,f,t,
127,7501070612368-AFPgtc,Pastilla Treda,U,7.0,10.0,13,-1,295820032,0.0,,,0.0,0.0,,42.857,,0.0,0.0,0.0,1,10.0,0.0,f,t,2025-05-23 14:27:10
128,650240017100-bhBWIns,Pastilla XL3VR,U,3.25,5.0,13,-1,295820032,0.0,,,0.0,0.0,2025-05-23,53.846,,0.0,0.0,0.0,1,5.0,0.0,f,t,2025-05-23 14:27:18
129,SEDAL-QkipltfttEsrXx,Pastilla Sedalmerck,U,2.4,5.0,13,-1,295820032,0.0,,,0.0,0.0,,108.333,,0.0,0.0,0.0,1,5.0,0.0,f,t,2025-05-23 14:27:03
130,7501095467264-hvMrDK,Pastilla Sal De Uvas Picot,U,3.2,6.0,13,-1,295820032,0.0,,,0.0,0.0,2025-05-23,87.5,,0.0,0.0,0.0,1,6.0,0.0,f,t,2025-05-23 14:26:52
131,744607049108,TeqUILA Jimador Rep 750Ml,U,270.0,300.0,5,-1,338761328,320.0,,,0.0,0.0,,11.111,,0.0,0.0,0.0,1,300.0,320.0,f,t,
132,7501011130937,Cheetos Bolsa 145gr,U,30.5,43.0,11,-1,338761328,0.0,,,0.0,0.0,2024-10-21,40.984,,40.0,0.0,0.0,1,43.0,0.0,f,t,
133,7501011167674,Ruffles Queso 120gr,U,33.0,43.0,11,-1,338761328,0.0,,,0.0,0.0,2025-12-18,30.303,,40.0,0.0,0.0,1,43.0,0.0,f,t,
134,7501011167650,Sabritas Sal 105gr,U,34.0,43.0,11,-1,338761328,0.0,,,0.0,0.0,2025-12-18,26.471,,40.0,0.0,0.0,1,43.0,0.0,f,t,
135,7501011101456,Sabritas Sal 45gr,U,18.2,23.0,11,-1,338761328,0.0,,,0.0,0.0,2025-12-18,26.374,,22.0,16.2961,0.0,1,23.0,0.0,f,t,
136,7500478037711,Ruffles Jalapeño,U,18.2,23.0,11,-1,338761328,0.0,,,0.0,0.0,2025-12-18,26.374,,22.0,17.12,0.0,1,23.0,0.0,f,t,
137,7501011123878,Doritos incgnita 61gr,U,18.2,23.0,11,-1,338761328,0.0,,,0.0,0.0,2025-12-18,26.374,,22.0,17.648,0.0,1,23.0,0.0,f,t,
138,7501011123588,Doritos Nacho 61gr,U,18.2,23.0,11,-1,338761328,0.0,,,0.0,0.0,2025-12-18,26.374,,22.0,16.4471,0.0,1,23.0,0.0,f,t,
139,7501011130272,Doritos Flamin Hot 61gr,U,18.0,23.0,11,-1,338761328,0.0,,,0.0,0.0,2025-12-18,27.778,,22.0,0.0,0.0,1,23.0,0.0,f,t,
140,7501011143739,Sabritas Flaming Hot 61gr,U,18.2,23.0,11,-1,338761328,0.0,,,0.0,0.0,2025-12-18,26.374,,22.0,18.0,0.0,1,23.0,0.0,f,t,
141,7501011101463,Sabritas Adobadas 48gr,U,18.2,23.0,11,-1,338761328,0.0,,,0.0,0.0,2025-12-18,26.374,,22.0,17.12,0.0,1,23.0,0.0,f,t,
142,7501011104099,Ruffles Queso 51gr,U,18.2,23.0,11,-1,338761328,0.0,,,0.0,0.0,2025-12-18,26.374,,22.0,17.67,0.0,1,23.0,0.0,f,t,
143,7501011151079,Chicharron Sabritas,U,16.6,22.0,11,-1,338761328,0.0,,,0.0,0.0,,32.53,,0.0,0.0,0.0,1,22.0,0.0,f,t,
153,8002270856761,Pellegrino,U,15.56,25.0,10,-1,259538176,0.0,,,0.0,0.0,2025-07-12,60.67,,22.0,0.0,0.0,1,25.0,0.0,f,t,
154,7622210833662,Galleta Oreo,U,14.5,20.0,14,-1,342627664,0.0,,,0.0,0.0,,37.931,,0.0,0.0,0.0,1,20.0,0.0,f,t,
144,7501011143753,Cheetos Flaming Hot 58gr,U,13.05,18.0,11,-1,338761328,0.0,,,0.0,0.0,2024-09-20,37.931,,17.0,0.0,0.0,1,18.0,0.0,f,t,
145,7500478014606,Cheetos Poofs 44gr,U,13.69,18.0,11,-1,338761328,0.0,,,0.0,0.0,2024-09-20,31.483,,17.0,0.0,0.0,1,18.0,0.0,f,t,
146,7500478015047,Cheetos Bolita 46gr,U,13.09,18.0,11,-1,338761328,0.0,,,0.0,0.0,2024-09-20,37.51,,17.0,0.0,0.0,1,18.0,0.0,f,t,
147,7501011143586,Cheetos Torciditos 58gr,U,13.53,18.0,11,-1,338761328,0.0,,,0.0,0.0,2024-09-20,33.038,,17.0,0.0,0.0,1,18.0,0.0,f,t,
148,7501011143999,Cheetos Nacho 58gt,U,13.49,18.0,11,-1,338761328,0.0,,,0.0,0.0,2024-09-20,33.432,,17.0,0.0,0.0,1,18.0,0.0,f,t,
155,7500810004296,Almendras Ricolino Bolsa,U,13.28,17.0,12,-1,342627664,0.0,,,0.0,0.0,2025-06-03,28.012,,0.0,0.0,0.0,1,17.0,0.0,f,t,
156,7500810004319,Kranky Bolsa,U,13.28,17.0,12,-1,342627664,0.0,,,0.0,0.0,,28.012,,0.0,0.0,0.0,1,17.0,0.0,f,t,
149,7501011110335,Fritos Sal y Limn 70gr,U,17.0,21.0,11,-1,338761328,0.0,,,0.0,0.0,2025-12-18,23.529,,19.0,16.69,0.0,1,21.0,0.0,f,t,
150,7500478018512,Doritos Dinamita 70gr,U,18.2,23.0,11,-1,338761328,0.0,,,0.0,0.0,2025-12-18,26.374,,22.0,17.12,0.0,1,23.0,0.0,f,t,
151,7501011111028,Rancheritos 58gr,U,17.0,21.0,11,-1,338761328,0.0,,,0.0,0.0,2025-12-18,23.529,,22.0,16.53,0.0,1,21.0,0.0,f,t,
157,7500810004357,Lunetas Bolsa,U,13.28,17.0,12,-1,342627664,0.0,,,0.0,0.0,,28.012,,0.0,0.0,0.0,1,17.0,0.0,f,t,
158,7501000636921-vXpvBT,Mamut,U,2.0,10.0,14,-1,357327456,0.0,,,0.0,0.0,,400.0,,0.0,0.0,0.0,1,10.0,0.0,f,t,2025-05-23 14:38:18
159,PFRS,Peñafiel Sabores 600,U,16.08,21.0,10,-1,352493376,0.0,,,0.0,0.0,,30.597,,19.0,0.0,0.0,1,21.0,0.0,f,t,
160,RSQ,Squirt Toronja 600ml,U,12.25,19.0,10,-1,352493376,0.0,,,0.0,0.0,,55.102,,18.0,0.0,0.0,1,19.0,0.0,f,t,
161,14800515329,Clamato 473Ml,U,21.21,28.0,10,-1,352493376,0.0,,,0.0,0.0,,32.013,,26.0,0.0,0.0,1,28.0,0.0,f,t,
162,1,Zigzag Suelto,U,0.4,1.0,6,-1,281884784,0.0,,,0.0,0.0,,150.0,,0.0,0.0,0.0,1,1.0,0.0,f,t,
163,30004825,Zigzag Caja,U,30.0,45.0,6,-1,281884784,0.0,,,0.0,0.0,,50.0,,0.0,0.0,0.0,1,45.0,0.0,f,t,
164,719499005518,Blunt Sabores,U,21.0,35.0,6,-1,281884784,0.0,,,0.0,0.0,2025-03-16,66.667,,40.0,25.0,0.0,1,35.0,0.0,f,t,
204,7503044233494,Bote Vicky Sabores,U,16.91,23.0,7,-1,280703632,25.0,,,0.0,0.0,,36.014,,0.0,0.0,0.0,1,23.0,25.0,f,t,
165,4L,Agua Nestle 4L,U,21.75,25.0,10,-1,281884784,0.0,,,0.0,0.0,,14.943,,22.0,0.0,0.0,1,25.0,0.0,f,t,
152,7500478007981,Ruffles Queso 185gr,U,43.0,55.0,11,-1,338761328,0.0,,,0.0,0.0,,27.907,,0.0,0.0,0.0,1,55.0,0.0,f,t,
166,.,1 Peso,U,0.0,1.0,1,-1,281884784,0.0,,,0.0,0.0,2026-01-29,20.0,,0.0,0.0,0.0,1,1.0,0.0,f,f,
194,500,Coca Vidrio 500ml,U,13.13,16.0,10,-1,290631136,17.0,,,0.0,0.0,2025-12-19,21.858,,17.0,12.25,0.0,1,16.0,17.0,f,t,
168,7501056913199,Paleta Bubba Xtreme,U,3.97,6.0,12,-1,348871296,0.0,,,0.0,0.0,,51.134,,0.0,0.0,0.0,1,6.0,0.0,f,t,
169,HALL,Hall Sabores,U,6.84,10.0,12,-1,348871296,0.0,,,0.0,0.0,,46.199,,0.0,0.0,0.0,1,10.0,0.0,f,t,
195,2L,Coca Cola 2L,U,33.89,45.0,10,-1,290631136,0.0,,,0.0,0.0,2025-05-08,32.783,,0.0,0.0,0.0,1,45.0,0.0,f,t,
196,7622201390068,Galleta Ritz Chicas,U,7.0,12.0,14,-1,290631136,0.0,,,0.0,0.0,2025-03-15,71.429,,10.0,0.0,0.0,1,12.0,0.0,f,t,
197,7622210575166,Galleta Oreo Chica,U,5.07,10.0,14,-1,290631136,0.0,,,0.0,0.0,,97.239,,0.0,0.0,0.0,1,10.0,0.0,f,t,
167,7503012180072,Mezcalito Grande,U,27.33,40.0,5,-1,281884784,0.0,,,0.0,0.0,,46.359,,0.0,0.0,0.0,1,40.0,0.0,f,t,
198,744607007900,Tequila Herradura Ultra,U,598.0,950.0,5,-1,294248720,1000.0,,,0.0,0.0,,58.86,,0.0,0.0,0.0,1,950.0,1000.0,f,t,
199,5000267196237,Johnny Walker Black Ruby,U,972.0,1300.0,5,-1,294248720,0.0,,,0.0,0.0,,33.745,,0.0,0.0,0.0,1,1300.0,0.0,f,t,
200,5000196003774,Buchanan Master,U,768.0,1230.0,5,-1,294248720,0.0,,,0.0,0.0,,60.16,,0.0,0.0,0.0,1,1230.0,0.0,f,t,
205,6BVS,6 Bote Vicky Sabores,U,101.46,125.0,7,-1,280703632,130.0,,,0.0,0.0,,23.2,,0.0,0.0,0.0,1,125.0,130.0,t,t,
206,75019761,Deemint,U,1.0,2.0,12,-1,280703632,0.0,,,0.0,0.0,,100.0,,0.0,0.0,0.0,1,2.0,0.0,f,t,
170,7501011112254,Fritos Chorizo 70gr,U,17.0,21.0,11,-1,348871296,0.0,,,0.0,0.0,2025-12-18,23.529,,19.0,16.6402,0.0,1,21.0,0.0,f,t,
208,410BCE,Laton Corona ,U,14.08,25.0,7,-1,293273888,0.0,,,0.0,0.0,,77.56,,0.0,0.0,0.0,1,25.0,0.0,f,t,
203,7502221791659,Encendedor Clipper Mini,U,11.2,16.0,6,-1,348659904,0.0,,,0.0,0.0,2025-12-03,42.857,,18.0,44.0,0.0,1,16.0,0.0,f,t,
211,4545464984646,Del Valle 1lt,U,25.91,33.0,10,-1,291207248,34.0,,,0.0,0.0,2025-12-19,27.36,,32.0,24.25,0.0,1,33.0,34.0,f,t,
212,454976574967-tdJZWVm,Del Valle 500ml,U,14.08,18.0,10,-1,291207248,0.0,,,0.0,0.0,,27.841,,0.0,0.0,0.0,1,18.0,0.0,f,t,2025-07-04 13:40:03
213,545134845485,Delaware Punch Lata,U,14.2,18.0,10,-1,291207248,0.0,,,0.0,0.0,,26.761,,0.0,0.0,0.0,1,18.0,0.0,f,t,
171,7501011131064,Doritos Nacho 148gr,U,33.0,43.0,11,-1,348871296,0.0,,,0.0,0.0,2025-12-18,30.303,,40.0,0.0,0.0,1,43.0,0.0,f,t,
172,7501011133938,Sabritas Limon 160gr,U,43.0,54.0,11,-1,348871296,0.0,,,0.0,0.0,,25.581,,0.0,0.0,0.0,1,54.0,0.0,f,t,
173,7501011167735,Doritos Nacho 223gr,U,43.0,54.0,11,-1,348871296,0.0,,,0.0,0.0,,25.581,,0.0,0.0,0.0,1,54.0,0.0,f,t,
174,7501011133884,Sabritas Sal 160gr,U,43.0,54.0,11,-1,348871296,0.0,,,0.0,0.0,,25.581,,0.0,0.0,0.0,1,54.0,0.0,f,t,
175,7622210571410,Trident Xtracare Paquete,U,7.1,10.0,12,-1,348871296,0.0,,,0.0,0.0,,40.845,,0.0,0.0,0.0,1,10.0,0.0,f,t,
176,75045616,Trident 4s,U,2.24,3.0,12,-1,348871296,0.0,,,0.0,0.0,,33.929,,0.0,0.0,0.0,1,3.0,0.0,f,t,
177,75073275,Bubbaloo Chicle,U,0.95,2.0,12,-1,348871296,0.0,,,0.0,0.0,,110.526,,0.0,0.0,0.0,1,2.0,0.0,f,t,
178,600,CocaCola 600 ml,U,18.37,22.0,10,-1,348871296,23.0,,,0.0,0.0,2025-12-19,19.761,,21.0,17.32,0.0,1,22.0,23.0,f,t,
214,6845164634613,Squirt 2L,U,29.42,40.0,10,-1,291207248,0.0,,,0.0,0.0,,35.962,,38.0,0.0,0.0,1,40.0,0.0,f,t,
215,464648452,Vitalde Savila,U,15.16,20.0,10,-1,291207248,0.0,,,0.0,0.0,,31.926,,0.0,0.0,0.0,1,20.0,0.0,f,t,
217,CS7,Cigarro Suelto 7,U,3.46,7.0,6,-1,339842528,8.0,,,0.0,0.0,2026-01-05,102.312,,5.0,3.456,6.0,1,7.0,8.0,f,t,
218,25,Caja Cigarros Pall Mall Eco,U,69.12,78.0,6,-1,339842528,83.0,,,0.0,0.0,2026-01-05,12.85,,65.0,53.3,67.0,1,78.0,83.0,t,t,
219,7503044233968,Ballena Corona Golden Light,U,34.08,41.0,9,-1,339842528,0.0,,,0.0,0.0,2025-06-03,20.305,,0.0,0.0,0.0,1,41.0,0.0,f,t,
220,7501011165717,Cheetos Colmillo,U,13.5,17.0,11,-1,340053200,0.0,,,0.0,0.0,,25.926,,0.0,0.0,0.0,1,17.0,0.0,f,t,
221,7501011155343,Cheetos Palomitas,U,13.5,17.0,11,-1,340053200,0.0,,,0.0,0.0,,25.93,,0.0,0.0,0.0,1,17.0,0.0,f,t,
216,489465416498,Clamato 298ml,U,14.0,20.0,10,-1,291207248,0.0,,,0.0,0.0,2025-03-02,42.857,,0.0,0.0,0.0,1,20.0,0.0,f,t,
222,7501011118119,Sabritas Crema Y Especia,U,18.5,23.0,11,-1,340053200,0.0,,,0.0,0.0,2025-12-18,24.324,,22.0,0.0,0.0,1,23.0,0.0,f,t,
209,1546557451846,Powerade 600ml,U,21.25,27.0,10,-1,340748784,0.0,,,0.0,0.0,2025-12-19,27.059,,23.0,20.25,0.0,1,27.0,0.0,f,t,
179,7501011123380,Doritos Pizzerola,U,17.12,22.0,11,-1,348871296,0.0,,,0.0,0.0,2024-10-21,28.505,,0.0,0.0,0.0,1,22.0,0.0,f,t,
207,8410113000071,Brandy Torres 10,U,285.0,350.0,5,-1,300522528,360.0,,,0.0,0.0,,22.807,,0.0,0.0,0.0,1,350.0,360.0,f,t,
210,502320904,Monster Energy,U,32.25,40.0,10,-1,340748784,0.0,,,0.0,0.0,2025-02-04,24.031,,39.0,0.0,0.0,1,40.0,0.0,f,t,
201,8BV,8 Bote Victoria,U,99.33,120.0,7,-1,294248720,130.0,,,0.0,0.0,2025-10-14,20.81,,110.0,88.0,0.0,1,120.0,130.0,t,t,
202,5000267014203,Etiqueta Roja,U,284.0,370.0,5,-1,294248720,380.0,,,0.0,0.0,,30.282,,380.0,0.0,390.0,1,370.0,380.0,f,t,
180,7501011142299,Crujitos 45gr,U,16.5,20.0,11,-1,348871296,0.0,,,0.0,0.0,,21.212,,19.0,0.0,0.0,1,20.0,0.0,f,t,
223,MONCH,Halls Monch,U,2.74,6.0,12,-1,336442768,0.0,,,0.0,0.0,,118.978,,0.0,0.0,0.0,1,6.0,0.0,f,t,
181,7500478016587,Churromais,U,15.0,20.0,11,-1,348871296,0.0,,,0.0,0.0,,33.333,,18.0,0.0,0.0,1,20.0,0.0,f,t,
182,4646216746216,Fritos Flaming Hot,U,17.0,21.0,11,-1,348871296,0.0,,,0.0,0.0,2025-12-18,23.53,,19.0,0.0,0.0,1,21.0,0.0,f,t,
224,7546549874654654,Mofle Corona Extra,U,16.66,38.0,7,-1,336442768,0.0,,,0.0,0.0,,128.091,,0.0,0.0,0.0,1,38.0,0.0,f,t,
183,7501011167667,Sabritas Adobadas 105gr,U,33.0,43.0,11,-1,348871296,0.0,,,0.0,0.0,2025-12-18,30.3,,40.0,28.37,0.0,1,43.0,0.0,f,t,
184,614612974985,Kacang 77gr,U,14.2,18.0,11,-1,348871296,0.0,,,0.0,0.0,,26.761,,15.0,0.0,0.0,1,18.0,0.0,f,t,
185,846346416854,Kacang 140gr,U,20.8,27.0,11,-1,348871296,0.0,,,0.0,0.0,2025-12-18,29.808,,25.0,20.795,0.0,1,27.0,0.0,f,t,
186,7500478002849,Mancha T,U,11.89,16.0,11,-1,348871296,0.0,,,0.0,0.0,,34.57,,0.0,0.0,0.0,1,16.0,0.0,f,t,
187,7501035010116,Tequila Jose Cuevo Especial,U,199.0,260.0,5,-1,348871296,220.0,,,0.0,0.0,,30.653,,210.0,0.0,235.0,1,260.0,220.0,f,t,
188,7503001506876,Rancho Escondido 750ml,U,58.0,85.0,5,-1,348871296,90.0,,,0.0,0.0,2025-02-17,46.552,,86.31,0.0,0.0,1,85.0,90.0,f,t,
189,7501011101678,Sabritas Limon 46gr,U,18.2,23.0,11,-1,348871296,0.0,,,0.0,0.0,2025-12-18,26.374,,22.0,15.0,0.0,1,23.0,0.0,f,t,
190,7501011149205,Sabritones 60gr,U,13.68,17.0,11,-1,348871296,0.0,,,0.0,0.0,,24.269,,0.0,0.0,0.0,1,17.0,0.0,f,t,
191,3L,Cocacola 3L,U,54.16,63.0,10,-1,348871296,65.0,,,0.0,0.0,2025-12-19,16.322,,64.0,47.16,0.0,1,63.0,65.0,f,t,
192,1L,CocaCola 1L,U,21.92,29.0,10,-1,348871296,0.0,,,0.0,0.0,2025-12-19,32.299,,0.0,0.0,0.0,1,29.0,0.0,f,t,
193,7506192505451,Vive 100,U,14.81,18.0,10,-1,348871296,0.0,,,0.0,0.0,,21.54,,19.0,0.0,0.0,1,18.0,0.0,f,t,
225,VASO,Vaso Rojo,U,1.71,4.0,10,-1,340487392,0.0,,,0.0,0.0,,133.92,,0.0,0.0,0.0,1,4.0,0.0,f,t,
226,MARUCHAN,Maruchan,U,13.0,25.0,16,-1,340487392,0.0,,,0.0,0.0,2026-01-04,92.308,,22.0,0.0,0.0,1,25.0,0.0,f,t,
227,7501198355987,RC Cola,U,11.0,14.0,10,-1,340487392,0.0,,,0.0,0.0,,27.273,,0.0,0.0,0.0,1,14.0,0.0,f,t,
228,PAPEL,Papel Rollo,U,3.75,8.0,15,-1,340487392,0.0,,,0.0,0.0,2025-11-19,113.333,,6.0,4.15,0.0,1,8.0,0.0,f,t,
229,7503044233890,Cuartito Bud Light,U,6.67,10.0,8,-1,340487392,0.0,,,0.0,0.0,2025-12-18,49.93,,0.0,6.41,0.0,1,10.0,0.0,f,t,
230,24CBL,24 Cuartito Bud Light,U,160.0,210.0,8,-1,340487392,0.0,,,0.0,0.0,2025-12-18,31.25,,200.0,153.84,0.0,1,210.0,0.0,t,t,
231,5468454967945,Predator,U,15.41,20.0,10,-1,340487392,0.0,,,0.0,0.0,2026-01-03,29.786,,0.0,16.16,0.0,1,20.0,0.0,f,t,
232,7610113024348,Ron Bacardi Blanco 750ml,U,165.0,220.0,5,-1,343332576,230.0,,,0.0,0.0,2025-12-16,33.33,,0.0,0.0,0.0,1,220.0,230.0,f,t,
233,7502213349455,Tequila Jefe Azul 1L,U,54.0,90.0,5,-1,343332576,95.0,,,0.0,0.0,,66.667,,0.0,0.0,0.0,1,90.0,95.0,f,t,
234,7502214400056,Tequila El Compadre 750ml,U,64.5,90.0,5,-1,343332576,95.0,,,0.0,0.0,,39.53,,0.0,0.0,0.0,1,90.0,95.0,f,t,
235,7502213343019,Vodka Petrov 1Lt,U,75.0,115.0,5,-1,343332576,120.0,,,0.0,0.0,,53.33,,0.0,0.0,0.0,1,115.0,120.0,f,t,
236,4185468546849689,TopoChico 1.5lt,U,23.5,29.0,10,-1,343332576,0.0,,,0.0,0.0,2025-12-19,23.404,,28.0,22.91,0.0,1,29.0,0.0,f,t,
237,54949649491548,Powerade 1LT,U,28.33,36.0,10,-1,343332576,0.0,,,0.0,0.0,2025-12-19,27.074,,33.0,25.08,0.0,1,36.0,0.0,f,t,
238,4984916948/792879,Fuze Tea 600ml,U,17.5,22.0,10,-1,343332576,0.0,,,0.0,0.0,2025-12-19,25.714,,21.0,16.66,0.0,1,22.0,0.0,f,t,
239,64654684516-FbdntiUW,Refresco Lata 355ml,U,17.75,21.0,10,-1,343332576,0.0,,,0.0,0.0,,18.31,,0.0,0.0,0.0,1,21.0,0.0,f,t,2025-07-04 13:40:25
241,4566665546654,Bocaditos Hojaldre,U,6.0,8.0,12,-1,337515184,0.0,,,0.0,0.0,2025-03-01,33.333,,9.0,0.0,0.0,1,8.0,0.0,f,t,
240,7501198355819,RC Cola Lata,U,5.35,8.0,10,-1,343332576,0.0,,,0.0,0.0,2025-02-25,49.533,,6.0,0.0,0.0,1,8.0,0.0,f,t,
242,7501035046252,Boost Azul,U,27.0,34.0,10,-1,272109024,0.0,,,0.0,0.0,2025-07-04,25.926,,39.0,28.0,0.0,1,34.0,0.0,f,t,
243,7501013109689,Jumex 1Lt,U,26.0,32.0,10,-1,295844752,0.0,,,0.0,0.0,,23.077,,0.0,0.0,0.0,1,32.0,0.0,f,t,
245,A5,Agua Ciel 5Lt,U,25.0,30.0,10,-1,295844752,0.0,,,0.0,0.0,,20.0,,0.0,0.0,0.0,1,30.0,0.0,f,t,
244,5987489526485-BgrWRc,Refresco Del Valle Fizz,U,15.74,20.0,10,-1,295844752,0.0,,,0.0,0.0,,27.065,,0.0,0.0,0.0,1,20.0,0.0,f,t,2025-07-04 13:40:12
246,7506105606060,Trident Sky,U,15.0,20.0,12,-1,295844752,0.0,,,0.0,0.0,2025-07-11,33.333,,25.0,16.0,0.0,1,20.0,0.0,f,t,
247,7622210530417,Trident Xtwist,U,24.0,35.0,12,-1,295844752,0.0,,,0.0,0.0,2025-07-11,45.833,,0.0,0.0,0.0,1,35.0,0.0,f,t,
248,2165468462,Tostitos Salsa Verde Chicos,U,18.0,22.0,11,-1,276895008,0.0,,,0.0,0.0,2025-05-26,22.222,,20.0,15.41,0.0,1,22.0,0.0,f,t,
249,2X13,Agua 600ml 2x13,U,9.24,13.0,10,-1,357012592,0.0,,,0.0,0.0,,40.69,,0.0,0.0,0.0,1,13.0,0.0,t,t,
250,684684564664,Cuartito Corona Cero,U,8.0,10.0,8,-1,357012592,12.0,,,0.0,0.0,2025-12-18,25.0,,0.0,0.0,0.0,1,10.0,12.0,f,t,
251,24CCC,24 Cuartito Corona Cero,U,192.0,235.0,8,-1,357012592,0.0,,,0.0,0.0,,22.4,,0.0,0.0,0.0,1,235.0,0.0,t,t,
252,7622210833686,Galletas Ritz,U,10.0,13.0,14,-1,342724688,0.0,,,0.0,0.0,,30.0,,0.0,0.0,0.0,1,13.0,0.0,f,t,
253,7622210576231,Galletas Chips Ahoy Chicas,U,7.0,10.0,14,-1,342724688,0.0,,,0.0,0.0,,42.857,,0.0,0.0,0.0,1,10.0,0.0,f,t,
254,7622210529107,Galletas Chips Ahoy,U,17.0,22.0,14,-1,342724688,0.0,,,0.0,0.0,,29.412,,20.0,0.0,0.0,1,22.0,0.0,f,t,
255,846846846525-uPPwzOT,Chiclets,U,0.64,1.0,12,-1,342724688,0.0,,,0.0,0.0,,56.25,,0.0,0.0,0.0,1,1.0,0.0,f,t,2025-07-04 16:33:56
256,465467845489,Huevito Chocolate,U,0.3,0.5,12,-1,342724688,0.0,,,0.0,0.0,,66.667,,0.0,0.0,0.0,1,0.5,0.0,f,t,
257,465496876,Del Valle Fruit 1.5lt,U,24.0,31.0,10,-1,281130416,0.0,,,0.0,0.0,,29.167,,26.0,0.0,0.0,1,31.0,0.0,f,t,
260,P8PLB-swlVxNMvGXJQGy,Promo 8 Pacifico Light,U,92.0,100.0,7,-1,348118896,0.0,,,0.0,0.0,2025-09-13,8.7,,0.0,85.0,0.0,1,100.0,0.0,t,t,2025-11-12 22:50:50
258,5010752000307,William Lawson Whisky,U,150.0,260.0,5,-1,281130416,0.0,,,0.0,0.0,,73.33,,0.0,0.0,0.0,1,260.0,0.0,f,t,
261,P8PAB-pnJiNcwOLRJweX,Promo 8 Pacifico Amarilla,U,90.0,100.0,7,-1,348118896,0.0,,,0.0,0.0,2025-07-31,11.11,,0.0,83.0,0.0,1,100.0,0.0,t,t,2025-11-12 22:50:43
259,ARIZONA,Arizona Te,U,19.3,23.0,10,-1,281130416,0.0,,,0.0,0.0,,19.171,,0.0,0.0,0.0,1,23.0,0.0,f,t,
262,5000299210413,Passport Whisky,U,140.0,190.0,5,-1,338233296,0.0,,,0.0,0.0,,35.714,,180.0,0.0,0.0,1,190.0,0.0,f,t,
263,5000281055374,Capitan Morgan Ron,U,160.0,210.0,5,-1,338233296,0.0,,,0.0,0.0,,31.25,,200.0,0.0,0.0,1,210.0,0.0,f,t,
264,7498749879,Laton Modelo Especial 473ml,U,21.37,28.0,7,-1,292889424,30.0,,,0.0,0.0,2026-03-29,31.02,,30.0,16.66,0.0,1,28.0,30.0,f,t,
265,6846541548,Fritos 170gr,U,33.0,43.0,11,-1,346876240,0.0,,,0.0,0.0,,30.303,,40.0,0.0,0.0,1,43.0,0.0,f,t,
266,59484544545,Rancheritos Botanaza,U,18.0,22.0,11,-1,346876240,0.0,,,0.0,0.0,,22.222,,0.0,0.0,0.0,1,22.0,0.0,f,t,
268,6MS,6 Media Stella,U,125.0,145.0,8,-1,352858704,0.0,,,0.0,0.0,2025-07-31,16.0,,140.0,117.48,0.0,1,145.0,0.0,t,t,
267,CASCARA,Cacahuete Cascara,U,14.0,22.0,11,-1,293487584,0.0,,,0.0,0.0,,57.143,,0.0,0.0,0.0,1,22.0,0.0,f,t,
270,1685461231584,Tostitos Flaming Hot Grandes,U,32.0,40.0,11,-1,343885040,0.0,,,0.0,0.0,,25.0,,0.0,0.0,0.0,1,40.0,0.0,f,t,
269,15646846846,Tostitos Flaming Hot Chicos,U,18.0,22.0,11,-1,343885040,0.0,,,0.0,0.0,,22.222,,21.0,0.0,0.0,1,22.0,0.0,f,t,
271,49687987841,Tostitos Salsa Verde Grandes,U,32.0,40.0,11,-1,343885040,0.0,,,0.0,0.0,,25.0,,0.0,0.0,0.0,1,40.0,0.0,f,t,
272,163458496,Paketaxo Mezcladito 265gr,U,44.8,55.0,11,-1,343885040,0.0,,,0.0,0.0,,22.77,,0.0,0.0,0.0,1,55.0,0.0,f,t,
273,45498239541,Karate Japones,U,15.41,19.0,11,-1,343885040,0.0,,,0.0,0.0,,23.297,,0.0,0.0,0.0,1,19.0,0.0,f,t,
274,7500810004371,Panditas Bolsa,U,13.28,17.0,12,-1,343885040,0.0,,,0.0,0.0,,28.012,,0.0,0.0,0.0,1,17.0,0.0,f,t,
275,7500810004340,Pasitas Ricolino Bolsa,U,13.28,17.0,12,-1,343885040,0.0,,,0.0,0.0,,28.012,,0.0,0.0,0.0,1,17.0,0.0,f,t,
276,7500810004302,Chocoretas Ricolino Bolsa,U,13.28,17.0,12,-1,343885040,0.0,,,0.0,0.0,,28.012,,0.0,0.0,0.0,1,17.0,0.0,f,t,
277,7622210690074,Bubbaloo Crack Ups 24gr,U,4.8,7.0,12,-1,343885040,0.0,,,0.0,0.0,,45.833,,0.0,0.0,0.0,1,7.0,0.0,f,t,
278,68746546369,Moneda Chocolate,U,1.8,3.0,12,-1,343885040,0.0,,,0.0,0.0,,66.667,,0.0,0.0,0.0,1,3.0,0.0,f,t,
279,415424748784,Paketaxo 81gr,U,18.5,23.0,11,-1,501304448,0.0,,,0.0,0.0,,24.324,,0.0,0.0,0.0,1,23.0,0.0,f,t,
280,PAPAS,Papas Caseras,U,23.0,29.0,11,-1,287955344,32.0,,,0.0,0.0,2026-02-12,26.087,,20.0,15.0,0.0,1,29.0,32.0,f,t,
281,846465468,Bolsa Croncho Gde,U,15.0,20.0,11,-1,287955344,0.0,,,0.0,0.0,,33.333,,0.0,0.0,0.0,1,20.0,0.0,f,t,
292,7622210566195,Bubbaloo Gomix,U,7.0,10.0,12,-1,297119552,0.0,,,0.0,0.0,,42.857,,0.0,0.0,0.0,1,10.0,0.0,f,t,
293,8BC,8 Bote Corona,U,97.5,115.0,7,-1,336728848,0.0,,,0.0,0.0,2025-10-14,17.95,,0.0,90.96,0.0,1,115.0,0.0,t,t,
295,446549846646256,Ballenon Modelo Pura Malta,U,41.6,50.0,9,-1,353364768,0.0,,,0.0,0.0,,20.192,,0.0,0.0,0.0,1,50.0,0.0,f,t,
297,1874189716,Picafresa,U,0.7,1.0,12,-1,300382288,0.0,,,0.0,0.0,,42.857,,0.0,0.0,0.0,1,1.0,0.0,f,t,
296,PEPPER,Dr Pepper Lata,U,15.0,22.0,10,-1,293616672,0.0,,,0.0,0.0,,46.667,,0.0,0.0,0.0,1,22.0,0.0,f,t,
294,6LME,6 Laton Modelo 410,U,103.5,135.0,7,-1,296506016,130.0,,,0.0,0.0,2025-12-18,30.43,,120.0,106.14,0.0,1,135.0,130.0,t,t,
298,464646476463.,Cremio,U,3.2,5.0,12,-1,300382288,0.0,,,0.0,0.0,,56.25,,0.0,0.0,0.0,1,5.0,0.0,f,t,
299,4067700014047,Jaggermeister 700ml,U,360.0,450.0,5,-1,347260896,0.0,,,0.0,0.0,,25.0,,0.0,0.0,0.0,1,450.0,0.0,f,t,
300,1564646885,Bote Modelo Dorada 0%,U,14.91,20.0,7,-1,337120992,0.0,,,0.0,0.0,2025-12-18,34.14,,0.0,0.0,0.0,1,20.0,0.0,f,t,
301,6BMD,6 Bote Modelo Dorada 0%,U,89.46,105.0,7,-1,337120992,0.0,,,0.0,0.0,,17.37,,0.0,0.0,0.0,1,105.0,0.0,t,t,
302,46845458518,Del Valle Cartoncito 250ml,U,9.87,13.0,10,-1,299822288,0.0,,,0.0,0.0,2025-12-19,31.712,,12.0,9.12,0.0,1,13.0,0.0,f,t,
308,A1CIEL,Agua Ciel 1lt,U,12.0,16.0,10,-1,292344112,0.0,,,0.0,0.0,,33.333,,0.0,0.0,0.0,1,16.0,0.0,f,t,
309,4946854548,Bote Flying Fish,U,17.91,24.0,7,-1,295013200,0.0,,,0.0,0.0,,34.0,,0.0,0.0,0.0,1,24.0,0.0,f,t,
303,7503052713506,Bote Modelo Chocolate,U,16.66,20.0,7,-1,299822288,0.0,,,0.0,0.0,2025-12-18,20.048,,0.0,0.0,0.0,1,20.0,0.0,f,t,
304,6BMC,6 Bote Modelo Chocolate,U,99.96,120.0,7,-1,299822288,0.0,,,0.0,0.0,,20.05,,0.0,0.0,0.0,1,120.0,0.0,t,t,
307,456444440670,Sporade 600ml,U,15.12,20.0,10,-1,284438304,0.0,,,0.0,0.0,,32.275,,0.0,0.0,0.0,1,20.0,0.0,f,t,
305,8LPA,8 Bote Pacifico Amarillo 410,U,102.32,130.0,7,-1,299822288,140.0,,,0.0,0.0,2026-01-03,27.05,,120.0,0.0,0.0,1,130.0,140.0,t,t,
310,6BFF,6 Bote Flying Fish,U,107.46,135.0,7,-1,295013200,0.0,,,0.0,0.0,,25.63,,0.0,0.0,0.0,1,135.0,0.0,t,t,
282,45649549758,Peñafiel 355ml,U,10.0,14.0,10,-1,356109968,0.0,,,0.0,0.0,2025-07-04,40.0,,0.0,0.0,0.0,1,14.0,0.0,f,t,
311,464316514546,Encendedor Clipper Max,U,16.0,22.0,6,-1,295013200,0.0,,,0.0,0.0,,37.5,,0.0,0.0,0.0,1,22.0,0.0,f,t,
306,TANG,Tang Sabor,U,4.75,7.0,10,-1,299822288,0.0,,,0.0,0.0,,47.37,,0.0,0.0,0.0,1,7.0,0.0,f,t,
312,22,Bolsa Semillas,U,15.0,24.0,11,-1,295013200,0.0,,,0.0,0.0,,60.0,,0.0,0.0,0.0,1,24.0,0.0,f,t,
313,11,Bolsa Varias,U,12.0,20.0,11,-1,295013200,0.0,,,0.0,0.0,,66.667,,0.0,0.0,0.0,1,20.0,0.0,f,t,
344,416465465469,Paleta Lucas,U,2.6,4.0,12,-1,298008992,0.0,,,0.0,0.0,,53.846,,0.0,0.0,0.0,1,4.0,0.0,f,t,
342,64646494,Laton Modelo Pura Malta,U,22.46,28.0,7,-1,493729616,0.0,,,0.0,0.0,,24.666,,0.0,0.0,0.0,1,28.0,0.0,f,t,
283,4149898443,Media Modelo 0%,U,16.5,22.0,8,-1,356109968,0.0,,,0.0,0.0,2025-12-18,33.333,,0.0,17.33,0.0,1,22.0,0.0,f,t,
314,7501008660201,Ron Bacardi Blanco 1lt,U,230.0,285.0,5,-1,291860784,295.0,,,0.0,0.0,,23.913,,265.0,0.0,275.0,1,285.0,295.0,f,t,
343,7501048810208,Tequila Gran Centenario,U,269.89,340.0,5,-1,493729616,0.0,,,0.0,0.0,,25.98,,0.0,0.0,0.0,1,340.0,0.0,f,t,
345,725181249016,Skwinkles Salsaghett,U,7.91,12.0,12,-1,298008992,0.0,,,0.0,0.0,,51.71,,0.0,0.0,0.0,1,12.0,0.0,f,t,
346,7506174512200,MilkyWay 48gr,U,16.0,24.0,12,-1,298008992,0.0,,,0.0,0.0,2026-01-30,50.0,,22.0,0.0,0.0,1,24.0,0.0,f,t,
347,7502271917481,M&M Bolsa 38gr,U,16.0,22.0,12,-1,298008992,0.0,,,0.0,0.0,,37.5,,0.0,0.0,0.0,1,22.0,0.0,f,t,
348,7502271917580,Snickers Mini,U,4.26,6.0,12,-1,298008992,0.0,,,0.0,0.0,,40.845,,0.0,0.0,0.0,1,6.0,0.0,f,t,
349,7506174512248,Snickers 45gr Barrita,U,16.0,24.0,12,-1,298008992,0.0,,,0.0,0.0,2026-01-30,50.0,,22.0,0.0,0.0,1,24.0,0.0,f,t,
350,756774011567,Conejitos Turin 20gr,U,11.5,17.0,12,-1,298008992,0.0,,,0.0,0.0,,47.826,,0.0,0.0,0.0,1,17.0,0.0,f,t,
351,7502271915784,Turin Zero Chocolatina,U,15.0,23.0,12,-1,298008992,0.0,,,0.0,0.0,,53.33,,0.0,0.0,0.0,1,23.0,0.0,f,t,
352,7502271918358,Turin Baileys,U,28.0,36.0,12,-1,298008992,0.0,,,0.0,0.0,,28.57,,0.0,0.0,0.0,1,36.0,0.0,f,t,
357,450,Refresco CocaCola 450ml,U,15.75,19.0,10,-1,267017760,0.0,,,0.0,0.0,,20.63,,0.0,0.0,0.0,1,19.0,0.0,f,t,
358,LOLYC,Lolys Croncho 90gr,U,17.6667,20.0,11,-1,267017760,0.0,,,0.0,0.0,,13.207,,29.0,0.0,0.0,1,20.0,0.0,f,t,
359,LOLYCA,Lolys Cacahuete 140gr,U,23.0,29.0,11,-1,267017760,0.0,,,0.0,0.0,,26.087,,0.0,0.0,0.0,1,29.0,0.0,f,t,
360,LOLYCH,Lolys Chicharron 60gr,U,23.0,29.0,11,-1,267017760,0.0,,,0.0,0.0,,26.087,,0.0,0.0,0.0,1,29.0,0.0,f,t,
361,LOLYP,Lolys Papas 100gr,U,23.0,29.0,11,-1,267017760,0.0,,,0.0,0.0,,26.087,,0.0,0.0,0.0,1,29.0,0.0,f,t,
362,46958641547,Suerox Sabor 630ml,U,15.0,20.0,10,-1,267017760,0.0,,,0.0,0.0,,33.333,,0.0,0.0,0.0,1,20.0,0.0,f,t,
353,797465418,Brochetas Chocolate Chica,U,10.0,14.0,12,-1,298008992,0.0,,,0.0,0.0,,40.0,,0.0,0.0,0.0,1,14.0,0.0,f,t,
354,485454554596,Brochetas Chocolate Grande,U,15.0,18.0,12,-1,298008992,0.0,,,0.0,0.0,,20.0,,0.0,0.0,0.0,1,18.0,0.0,f,t,
284,485468464,Sandibrochas,U,0.5,1.0,12,-1,356109968,0.0,,,0.0,0.0,,100.0,,0.0,0.0,0.0,1,1.0,0.0,f,t,
285,4654348465464,Bubbaloo Mega,U,11.5,18.0,12,-1,356109968,0.0,,,0.0,0.0,,56.522,,0.0,0.0,0.0,1,18.0,0.0,f,t,
286,5448749497,Clorets,U,7.0,12.0,12,-1,356109968,0.0,,,0.0,0.0,,71.43,,0.0,0.0,0.0,1,12.0,0.0,f,t,
287,52945545985,Paleta Cajeta,U,1.5,3.0,12,-1,356109968,0.0,,,0.0,0.0,,100.0,,0.0,0.0,0.0,1,3.0,0.0,f,t,
288,69/74949974,Rellerindos,U,1.9,3.0,12,-1,356109968,0.0,,,0.0,0.0,,57.895,,0.0,0.0,0.0,1,3.0,0.0,f,t,
289,PIPAD-rMfzrmQRuOxKwh,Pipa Dani,U,15.0,20.0,1,-1,356109968,0.0,,,0.0,0.0,,33.33,,0.0,0.0,0.0,1,20.0,0.0,t,t,2025-07-04 16:33:47
290,PIPAD-mtVRgkTFNvNErB,Pipad,U,15.0,20.0,1,-1,356109968,0.0,,,0.0,0.0,,33.33,,0.0,0.0,0.0,1,20.0,0.0,t,t,2025-07-04 18:06:57
291,PIPAD,Pipad,U,15.0,20.0,1,-1,356109968,0.0,,,0.0,0.0,2025-12-12,33.33,,0.0,0.0,0.0,1,20.0,0.0,t,t,
315,BA2-EYqLHYZgnfhnjTkV,Promo Ballena Amarilla 2x82,U,70.4,82.0,9,-1,291860784,0.0,,,0.0,0.0,,16.48,,0.0,0.0,0.0,1,82.0,0.0,t,t,2026-04-10 17:22:26
316,BL82-fhzEretveoGLSoi,Promo Ballena Light 2x82,U,70.82,82.0,9,-1,291860784,0.0,,,0.0,0.0,,15.79,,0.0,0.0,0.0,1,82.0,0.0,t,t,2026-04-10 17:22:35
317,BM82-xYuRtntpXCpozvk,Promo Ballena Mixta 2x82,U,70.61,82.0,9,-1,291860784,0.0,,,0.0,0.0,,16.13,,0.0,0.0,0.0,1,82.0,0.0,t,t,2026-04-10 17:22:43
318,BA90-faDBytRDEbVZIFl,Promo Ballenon Amarillo 2x90,U,72.0,90.0,1,-1,291860784,0.0,,,0.0,0.0,,25.0,,0.0,0.0,0.0,1,90.0,0.0,t,t,2026-04-10 17:22:48
319,BL90-NVmeUsLxjskMmSz,Promo Ballenon Light 2x90,U,76.32,90.0,9,-1,291860784,0.0,,,0.0,0.0,,17.92,,0.0,0.0,0.0,1,90.0,0.0,t,t,2026-04-10 17:22:54
320,BM90-xtVHaUmZQrDrDvW,Promo Ballenon Mixto 2x90,U,74.16,90.0,9,-1,291860784,0.0,,,0.0,0.0,,21.36,,0.0,0.0,0.0,1,90.0,0.0,t,t,2026-04-10 17:23:03
321,BE90-zgzxGhQgQiwkprF,Promo Ballenon Modelo 2x90,U,78.0,90.0,9,-1,291860784,0.0,,,0.0,0.0,,15.38,,0.0,0.0,0.0,1,90.0,0.0,t,t,2026-04-10 17:22:17
363,7501000153107,Gansito 50gr,U,14.94,19.0,17,-1,267017760,0.0,,,0.0,0.0,,27.175,,0.0,0.0,0.0,1,19.0,0.0,f,t,
364,7501000112401,Mantecadas Bimbo Vainilla,U,19.55,25.0,17,-1,267017760,0.0,,,0.0,0.0,,27.877,,0.0,0.0,0.0,1,25.0,0.0,f,t,
322,8LPS,8 Pacifico Suave Bote 410,U,138.0,160.0,7,-1,291860784,0.0,,,0.0,0.0,,15.94,,0.0,0.0,0.0,1,160.0,0.0,t,t,
365,7501000112784,Nito Bimbo,U,14.06,18.0,17,-1,267017760,0.0,,,0.0,0.0,,28.02,,0.0,0.0,0.0,1,18.0,0.0,f,t,
366,7501000112845,Rebanada Pan Bimbo,U,7.14,9.0,1,-1,267017760,0.0,,,0.0,0.0,,26.05,,0.0,0.0,0.0,1,9.0,0.0,f,t,
367,75002275,Choco Roles 67g,U,18.26,23.0,17,-1,267017760,0.0,,,0.0,0.0,,25.958,,0.0,0.0,0.0,1,23.0,0.0,f,t,
368,7501000153282,Submarinos Bimbo 105g,U,16.6,21.0,17,-1,267017760,0.0,,,0.0,0.0,,26.506,,0.0,0.0,0.0,1,21.0,0.0,f,t,
369,7500810014721,Barritas Bimbo 75gr,U,13.44,17.0,17,-1,267017760,0.0,,,0.0,0.0,,26.488,,0.0,0.0,0.0,1,17.0,0.0,f,t,
370,7500810011126,Galletas Principe,U,18.48,24.0,17,-1,267017760,0.0,,,0.0,0.0,,29.87,,0.0,0.0,0.0,1,24.0,0.0,f,t,
371,41654525,Bolsa Gomitas,U,9.0,15.0,12,-1,340725328,0.0,,,0.0,0.0,,66.67,,0.0,0.0,0.0,1,15.0,0.0,f,t,
372,7501000138944,Sponch 120g,U,18.48,24.0,17,-1,340725328,0.0,,,0.0,0.0,,29.87,,0.0,0.0,0.0,1,24.0,0.0,f,t,
373,7501000140855,Triki Trakes 85g,U,18.48,24.0,17,-1,340725328,0.0,,,0.0,0.0,,29.87,,0.0,0.0,0.0,1,24.0,0.0,f,t,
374,7500810022801,Canelitas Marinela 120g,U,19.9,25.0,17,-1,340725328,0.0,,,0.0,0.0,,25.628,,0.0,0.0,0.0,1,25.0,0.0,f,t,
375,7501030472698,Bimbuñuelos 99gr,U,18.26,23.0,17,-1,340725328,0.0,,,0.0,0.0,,25.96,,0.0,0.0,0.0,1,23.0,0.0,f,t,
355,CCHG,Bolsa Cahui Grande,U,17.0,23.0,11,-1,467288352,24.0,,,0.0,0.0,,35.294,,0.0,0.0,0.0,1,23.0,24.0,f,t,
323,7501055381906,FlashLyte Sabores,U,19.41,25.0,10,-1,291860784,0.0,,,0.0,0.0,2026-02-08,28.8,,0.0,0.0,0.0,1,25.0,0.0,f,t,
356,CCHC,Bolsa Cahui Chico,U,13.0,18.0,11,-1,467288352,19.0,,,0.0,0.0,2026-02-10,38.462,,0.0,0.0,0.0,1,18.0,19.0,f,t,
376,7501030418399,Donitas Bimbo 140gr,U,18.26,23.0,17,-1,340725328,0.0,,,0.0,0.0,,25.958,,0.0,0.0,0.0,1,23.0,0.0,f,t,
377,7501000153800,Pinguinos 80g,U,18.26,23.0,17,-1,340725328,0.0,,,0.0,0.0,,25.96,,0.0,0.0,0.0,1,23.0,0.0,f,t,
378,1.5L,CocaCola 1.5 Litros,U,32.33,39.0,10,-1,338631760,0.0,,,0.0,0.0,,20.63,,0.0,0.0,0.0,1,39.0,0.0,f,t,
379,7502226816975,Skittles 22g,U,7.6,12.0,12,-1,297458400,0.0,,,0.0,0.0,,57.89,,0.0,0.0,0.0,1,12.0,0.0,f,t,
380,725181207016,Skwinkkles Rellenos,U,7.9,12.0,12,-1,297458400,0.0,,,0.0,0.0,,51.9,,0.0,0.0,0.0,1,12.0,0.0,f,t,
381,7503044233852,Laton Pacifico Amarillo 473,U,20.46,25.0,7,-1,286996384,27.0,,,0.0,0.0,,22.19,,0.0,0.0,0.0,1,25.0,27.0,f,t,
382,145435485328,Laton Pacifico Suave 473ml,U,20.46,25.0,7,-1,286996384,26.0,,,0.0,0.0,,22.19,,0.0,0.0,0.0,1,25.0,26.0,f,t,
383,4946548935,Ballena Pacifico Suave,U,35.83,44.0,9,-1,286996384,45.0,,,0.0,0.0,,22.802,,0.0,0.0,0.0,1,44.0,45.0,f,t,
324,46565441266,Agua Ciel Sabores,U,13.66,18.0,10,-1,291860784,0.0,,,0.0,0.0,,31.772,,0.0,0.0,0.0,1,18.0,0.0,f,t,
325,7501000912803,Nescafe Clasico 42gr,U,43.0,51.0,16,-1,291860784,0.0,,,0.0,0.0,,18.6,,0.0,0.0,0.0,1,51.0,0.0,f,t,
326,7501000911783,Nescafe Sobre 14gr,U,12.68,17.0,16,-1,291860784,0.0,,,0.0,0.0,,34.07,,0.0,0.0,0.0,1,17.0,0.0,f,t,
327,7506205815867,ChocoMilk Sobre 18gr,U,5.25,8.0,16,-1,291860784,0.0,,,0.0,0.0,,52.38,,0.0,0.0,0.0,1,8.0,0.0,f,t,
328,7501058611062,Leche Evaporada Clavel,U,21.56,26.0,16,-1,291860784,0.0,,,0.0,0.0,,20.59,,0.0,0.0,0.0,1,26.0,0.0,f,t,
329,7506475104722,La Lechera Condensada,U,28.57,34.0,16,-1,291860784,0.0,,,0.0,0.0,,19.01,,0.0,0.0,0.0,1,34.0,0.0,f,t,
330,7501045403908,Atun Dolores 133gr,U,19.9,25.0,16,-1,291860784,0.0,,,0.0,0.0,,25.628,,0.0,0.0,0.0,1,25.0,0.0,f,t,
331,HIELO,Hielo,U,0.0,1.0,1,-1,291860784,0.0,,,0.0,0.0,,0.0,,0.0,0.0,0.0,1,1.0,0.0,f,f,
332,CSM,Cigarro Suelto Marlboro,U,4.8,9.0,6,-1,291860784,10.0,,,0.0,0.0,,87.5,,0.0,0.0,0.0,1,9.0,10.0,f,t,
333,20M,Caja Cigarros Marlboro,U,96.0,105.0,6,-1,291860784,109.0,,,0.0,0.0,,9.38,,0.0,0.0,0.0,1,105.0,109.0,t,t,
334,PCSP,Promo Cigarro Suelto Pall Mall 3x25,U,13.5,25.0,6,-1,291860784,0.0,,,0.0,0.0,2026-01-05,85.19,,15.0,7.5,0.0,1,25.0,0.0,t,t,
336,7501295600126,Leche Santa Clara 1lt,U,27.0,33.0,10,-1,291860784,0.0,,,0.0,0.0,2026-03-03,22.222,,0.0,0.0,0.0,1,33.0,0.0,f,t,
335,PCS7,Promo Cigarro Suelto 7 3x18,U,10.38,18.0,6,-1,291860784,0.0,,,0.0,0.0,,73.41,,0.0,0.0,0.0,1,18.0,0.0,t,t,
337,7501055300075,Coca Cola Lata,U,18.5,23.0,10,-1,291860784,0.0,,,0.0,0.0,,24.324,,0.0,0.0,0.0,1,23.0,0.0,f,t,
338,7501055377183,Leche Santa Clara Sabores 180ml,U,9.5,13.0,10,-1,291860784,0.0,,,0.0,0.0,,36.84,,0.0,0.0,0.0,1,13.0,0.0,f,t,
339,7501055308156,CocaCola Mini 250ml,U,10.0,13.0,10,-1,291860784,0.0,,,0.0,0.0,2026-02-08,30.0,,0.0,0.0,0.0,1,13.0,0.0,f,t,
340,7652988485,Media Flying Fish,U,21.2,25.0,8,-1,291860784,26.0,,,0.0,0.0,,17.92,,0.0,0.0,0.0,1,25.0,26.0,f,t,
341,6MFF,6 Media Flying Fish,U,127.2,155.0,8,-1,291860784,0.0,,,0.0,0.0,,21.86,,0.0,0.0,0.0,1,155.0,0.0,t,t,
